FORM_ID,ORDEM,SECAO,TIPO,TITULO,DESCRICAO,OBRIGATORIA,OPCOES_JSON,LINHAS_JSON,COLUNAS_JSON,ESCALA_MIN,ESCALA_MAX,ROTULO_MIN,ROTULO_MAX,RESPOSTAS_CORRETAS_JSON,PONTOS,FEEDBACK_CORRETO,FEEDBACK_INCORRETO,MOSTRAR_OUTRA_OPCAO,NAVEGACAO_JSON
FORM-2026-0004,1,,TEXT,Nome completo,Identificação para vínculo clínico.,TRUE,,,,,,,,,,,,FALSE,
FORM-2026-0004,2,,DATE,Data de nascimento,,TRUE,,,,,,,,,,,,FALSE,
FORM-2026-0004,3,,DATE,Data de aplicação do rastreio,,TRUE,,,,,,,,,,,,FALSE,
FORM-2026-0004,4,,MULTIPLE_CHOICE,1. Sinto medo de ser observada e avaliada negativamente ao me expor.,,TRUE,"[""0"",""1"",""2"",""3""]",,,,,,,,,,FALSE,
FORM-2026-0004,5,,MULTIPLE_CHOICE,2. Evito apresentações ou reuniões onde posso ser foco de atenção.,,TRUE,"[""0"",""1"",""2"",""3""]",,,,,,,,,,FALSE,
FORM-2026-0004,6,,MULTIPLE_CHOICE,3. Meu corpo responde com sintomas físicos intensos ao me apresentar.,,TRUE,"[""0"",""1"",""2"",""3""]",,,,,,,,,,FALSE,
FORM-2026-0004,7,,MULTIPLE_CHOICE,4. Me preocupo por dias antes de uma situação de exposição pública.,,TRUE,"[""0"",""1"",""2"",""3""]",,,,,,,,,,FALSE,
FORM-2026-0004,8,,MULTIPLE_CHOICE,"5. Após uma apresentação, passo muito tempo analisando meu desempenho negativamente.",,TRUE,"[""0"",""1"",""2"",""3""]",,,,,,,,,,FALSE,
FORM-2026-0004,9,,MULTIPLE_CHOICE,"6. Acredito que, se eu errar em público, serei rejeitada ou ridicularizada.",,TRUE,"[""0"",""1"",""2"",""3""]",,,,,,,,,,FALSE,
FORM-2026-0004,10,,MULTIPLE_CHOICE,7. Já declinei oportunidades profissionais por medo de falar em público.,,TRUE,"[""0"",""1"",""2"",""3""]",,,,,,,,,,FALSE,
FORM-2026-0004,11,,MULTIPLE_CHOICE,8. Isso vem acontecendo há mais de 6 meses.,,TRUE,"[""0"",""1"",""2"",""3""]",,,,,,,,,,FALSE,
FORM-2026-0004,12,,MULTIPLE_CHOICE,9. Esse medo atrapalha meu desempenho no trabalho.,,TRUE,"[""0"",""1"",""2"",""3""]",,,,,,,,,,FALSE,
FORM-2026-0004,13,,MULTIPLE_CHOICE,10. Sinto que todos estão atentos aos meus erros quando me exponho.,,TRUE,"[""0"",""1"",""2"",""3""]",,,,,,,,,,FALSE,
FORM-2026-0004,14,,MULTIPLE_CHOICE,"1. Me sinto triste, vazia ou desesperançada na maior parte dos dias.",,TRUE,"[""0"",""1"",""2"",""3""]",,,,,,,,,,FALSE,
FORM-2026-0004,15,,MULTIPLE_CHOICE,2. Perdi interesse pelas coisas que antes me motivavam.,,TRUE,"[""0"",""1"",""2"",""3""]",,,,,,,,,,FALSE,
FORM-2026-0004,16,,MULTIPLE_CHOICE,"3. Sinto cansaço excessivo, mesmo sem muito esforço físico.",,TRUE,"[""0"",""1"",""2"",""3""]",,,,,,,,,,FALSE,
FORM-2026-0004,17,,MULTIPLE_CHOICE,4. Tenho dificuldade para dormir ou durmo em excesso.,,TRUE,"[""0"",""1"",""2"",""3""]",,,,,,,,,,FALSE,
FORM-2026-0004,18,,MULTIPLE_CHOICE,5. Sinto-me culpada ou inútil com frequência.,,TRUE,"[""0"",""1"",""2"",""3""]",,,,,,,,,,FALSE,
FORM-2026-0004,19,,MULTIPLE_CHOICE,6. Tenho dificuldade de concentração ou tomada de decisão.,,TRUE,"[""0"",""1"",""2"",""3""]",,,,,,,,,,FALSE,
FORM-2026-0004,20,,MULTIPLE_CHOICE,7. Tenho crises de choro ou vontade de chorar sem motivo claro.,,TRUE,"[""0"",""1"",""2"",""3""]",,,,,,,,,,FALSE,
FORM-2026-0004,21,,MULTIPLE_CHOICE,8. Sinto que não tenho valor ou que sou um peso para os outros.,,TRUE,"[""0"",""1"",""2"",""3""]",,,,,,,,,,FALSE,
FORM-2026-0004,22,,MULTIPLE_CHOICE,9. Já pensei que as pessoas estariam melhor sem mim.,,TRUE,"[""0"",""1"",""2"",""3""]",,,,,,,,,,FALSE,
FORM-2026-0004,23,,MULTIPLE_CHOICE,"10. Esses sintomas atrapalham meu trabalho, relações ou rotina diária.",,TRUE,"[""0"",""1"",""2"",""3""]",,,,,,,,,,FALSE,
FORM-2026-0004,24,,MULTIPLE_CHOICE,1. Me preocupo constantemente com muitos aspectos da minha vida.,,TRUE,"[""0"",""1"",""2"",""3""]",,,,,,,,,,FALSE,
FORM-2026-0004,25,,MULTIPLE_CHOICE,"2. Mesmo quando tudo está bem, sinto que algo ruim pode acontecer.",,TRUE,"[""0"",""1"",""2"",""3""]",,,,,,,,,,FALSE,
FORM-2026-0004,26,,MULTIPLE_CHOICE,3. Tenho dificuldade para controlar meus pensamentos ansiosos.,,TRUE,"[""0"",""1"",""2"",""3""]",,,,,,,,,,FALSE,
FORM-2026-0004,27,,MULTIPLE_CHOICE,"4. Sinto tensão muscular, dores ou agitação física frequente.",,TRUE,"[""0"",""1"",""2"",""3""]",,,,,,,,,,FALSE,
FORM-2026-0004,28,,MULTIPLE_CHOICE,"5. Meu sono é leve, interrompido ou não reparador.",,TRUE,"[""0"",""1"",""2"",""3""]",,,,,,,,,,FALSE,
FORM-2026-0004,29,,MULTIPLE_CHOICE,6. Tenho dificuldade de concentração por estar sempre preocupada.,,TRUE,"[""0"",""1"",""2"",""3""]",,,,,,,,,,FALSE,
FORM-2026-0004,30,,MULTIPLE_CHOICE,7. Me sinto frequentemente inquieta ou no limite.,,TRUE,"[""0"",""1"",""2"",""3""]",,,,,,,,,,FALSE,
FORM-2026-0004,31,,MULTIPLE_CHOICE,"8. Temo não dar conta de minhas responsabilidades, mesmo estando preparada.",,TRUE,"[""0"",""1"",""2"",""3""]",,,,,,,,,,FALSE,
FORM-2026-0004,32,,MULTIPLE_CHOICE,9. As pessoas me consideram muito preocupada ou perfeccionista.,,TRUE,"[""0"",""1"",""2"",""3""]",,,,,,,,,,FALSE,
FORM-2026-0004,33,,MULTIPLE_CHOICE,10. Essa preocupação generalizada já dura mais de 6 meses.,,TRUE,"[""0"",""1"",""2"",""3""]",,,,,,,,,,FALSE,
FORM-2026-0004,34,,MULTIPLE_CHOICE,1. Evito envolvimento com outras pessoas por medo de ser rejeitada.,,TRUE,"[""0"",""1"",""2"",""3""]",,,,,,,,,,FALSE,
FORM-2026-0004,35,,MULTIPLE_CHOICE,2. Só me aproximo de alguém se sinto segurança absoluta de aceitação.,,TRUE,"[""0"",""1"",""2"",""3""]",,,,,,,,,,FALSE,
FORM-2026-0004,36,,MULTIPLE_CHOICE,3. Tenho medo constante de críticas ou humilhações.,,TRUE,"[""0"",""1"",""2"",""3""]",,,,,,,,,,FALSE,
FORM-2026-0004,37,,MULTIPLE_CHOICE,4. Me considero socialmente inferior ou menos competente que os outros.,,TRUE,"[""0"",""1"",""2"",""3""]",,,,,,,,,,FALSE,
FORM-2026-0004,38,,MULTIPLE_CHOICE,5. Fico extremamente desconfortável em situações novas ou sociais.,,TRUE,"[""0"",""1"",""2"",""3""]",,,,,,,,,,FALSE,
FORM-2026-0004,39,,MULTIPLE_CHOICE,"6. Costumo pensar que, se eu mostrar quem sou, serei julgada.",,TRUE,"[""0"",""1"",""2"",""3""]",,,,,,,,,,FALSE,
FORM-2026-0004,40,,MULTIPLE_CHOICE,7. Tenho baixa tolerância a frustrações sociais.,,TRUE,"[""0"",""1"",""2"",""3""]",,,,,,,,,,FALSE,
FORM-2026-0004,41,,MULTIPLE_CHOICE,8. Já deixei de fazer algo importante por medo de me envergonhar.,,TRUE,"[""0"",""1"",""2"",""3""]",,,,,,,,,,FALSE,
FORM-2026-0004,42,,MULTIPLE_CHOICE,"9. Esse padrão é antigo, desde a juventude.",,TRUE,"[""0"",""1"",""2"",""3""]",,,,,,,,,,FALSE,
FORM-2026-0004,43,,MULTIPLE_CHOICE,"10. Isso afeta meus relacionamentos, decisões e desempenho profissional.",,TRUE,"[""0"",""1"",""2"",""3""]",,,,,,,,,,FALSE,
FORM-2026-0004,44,,MULTIPLE_CHOICE,1. Tenho pensamentos indesejados e repetitivos que me causam incômodo.,,TRUE,"[""0"",""1"",""2"",""3""]",,,,,,,,,,FALSE,
FORM-2026-0004,45,,MULTIPLE_CHOICE,"2. Tento evitar certos pensamentos, mas eles continuam voltando.",,TRUE,"[""0"",""1"",""2"",""3""]",,,,,,,,,,FALSE,
FORM-2026-0004,46,,MULTIPLE_CHOICE,"3. Esses pensamentos não têm sentido para mim, mas me afetam emocionalmente.",,TRUE,"[""0"",""1"",""2"",""3""]",,,,,,,,,,FALSE,
FORM-2026-0004,47,,MULTIPLE_CHOICE,4. Já fiquei presa em dúvidas repetitivas difíceis de resolver.,,TRUE,"[""0"",""1"",""2"",""3""]",,,,,,,,,,FALSE,
FORM-2026-0004,48,,MULTIPLE_CHOICE,5. Sinto culpa por pensamentos que nunca colocaria em prática.,,TRUE,"[""0"",""1"",""2"",""3""]",,,,,,,,,,FALSE,
FORM-2026-0004,49,,MULTIPLE_CHOICE,6. Já tentei me distrair para evitar esses pensamentos.,,TRUE,"[""0"",""1"",""2"",""3""]",,,,,,,,,,FALSE,
FORM-2026-0004,50,,MULTIPLE_CHOICE,7. Tenho medo de que meus pensamentos signifiquem algo ruim sobre mim.,,TRUE,"[""0"",""1"",""2"",""3""]",,,,,,,,,,FALSE,
FORM-2026-0004,51,,MULTIPLE_CHOICE,"8. Já repeti ações mentais (rezas, contagens, frases) para aliviar esses pensamentos.",,TRUE,"[""0"",""1"",""2"",""3""]",,,,,,,,,,FALSE,
FORM-2026-0004,52,,MULTIPLE_CHOICE,"9. Isso me consumia por mais de 1h por dia, em alguns momentos.",,TRUE,"[""0"",""1"",""2"",""3""]",,,,,,,,,,FALSE,
FORM-2026-0004,53,,MULTIPLE_CHOICE,"10. Hoje, esses pensamentos ocorrem esporadicamente, mas já foram piores.",,TRUE,"[""0"",""1"",""2"",""3""]",,,,,,,,,,FALSE,
FORM-2026-0004,54,,MULTIPLE_CHOICE,1. Me sinto inferior à maioria das pessoas.,,TRUE,"[""0"",""1"",""2"",""3""]",,,,,,,,,,FALSE,
FORM-2026-0004,55,,MULTIPLE_CHOICE,2. Evito elogios ou não acredito quando os recebo.,,TRUE,"[""0"",""1"",""2"",""3""]",,,,,,,,,,FALSE,
FORM-2026-0004,56,,MULTIPLE_CHOICE,3. Acho que preciso me esforçar o dobro para ser aceita.,,TRUE,"[""0"",""1"",""2"",""3""]",,,,,,,,,,FALSE,
FORM-2026-0004,57,,MULTIPLE_CHOICE,4. Me comparo constantemente e me vejo como “menos capaz”.,,TRUE,"[""0"",""1"",""2"",""3""]",,,,,,,,,,FALSE,
FORM-2026-0004,58,,MULTIPLE_CHOICE,5. Tenho medo de errar por medo do que vão pensar de mim.,,TRUE,"[""0"",""1"",""2"",""3""]",,,,,,,,,,FALSE,
FORM-2026-0004,59,,MULTIPLE_CHOICE,6. Às vezes sinto que “enganei” as pessoas e que vão descobrir isso.,,TRUE,"[""0"",""1"",""2"",""3""]",,,,,,,,,,FALSE,
FORM-2026-0004,60,,MULTIPLE_CHOICE,"7. Evito desafios mesmo estando preparada, por medo de fracassar.",,TRUE,"[""0"",""1"",""2"",""3""]",,,,,,,,,,FALSE,
FORM-2026-0004,61,,MULTIPLE_CHOICE,8. Tenho dificuldade em reconhecer minhas conquistas como mérito pessoal.,,TRUE,"[""0"",""1"",""2"",""3""]",,,,,,,,,,FALSE,
FORM-2026-0004,62,,MULTIPLE_CHOICE,9. Sinto que preciso da aprovação dos outros para me sentir bem.,,TRUE,"[""0"",""1"",""2"",""3""]",,,,,,,,,,FALSE,
FORM-2026-0004,63,,MULTIPLE_CHOICE,"10. Me sinto “em dívida” com o mundo, mesmo quando faço o meu melhor.",,TRUE,"[""0"",""1"",""2"",""3""]",,,,,,,,,,FALSE,
FORM-2026-0004,64,,MULTIPLE_CHOICE,"1. Tive períodos de humor eufórico, expansivo ou irritável por vários dias seguidos.",,TRUE,"[""0"",""1"",""2"",""3""]",,,,,,,,,,FALSE,
FORM-2026-0004,65,,MULTIPLE_CHOICE,2. Dormi pouco sem sentir cansaço significativo.,,TRUE,"[""0"",""1"",""2"",""3""]",,,,,,,,,,FALSE,
FORM-2026-0004,66,,MULTIPLE_CHOICE,"3. Senti necessidade de realizar muitas atividades, me sentindo 'acelerado(a)'.",,TRUE,"[""0"",""1"",""2"",""3""]",,,,,,,,,,FALSE,
FORM-2026-0004,67,,MULTIPLE_CHOICE,4. Falei muito ou sentia que não conseguia parar de falar.,,TRUE,"[""0"",""1"",""2"",""3""]",,,,,,,,,,FALSE,
FORM-2026-0004,68,,MULTIPLE_CHOICE,"5. Me distraía com facilidade, mudando de assunto rapidamente.",,TRUE,"[""0"",""1"",""2"",""3""]",,,,,,,,,,FALSE,
FORM-2026-0004,69,,MULTIPLE_CHOICE,6. Tomei decisões impulsivas que me trouxeram problemas.,,TRUE,"[""0"",""1"",""2"",""3""]",,,,,,,,,,FALSE,
FORM-2026-0004,70,,MULTIPLE_CHOICE,7. Fiz gastos além do normal ou assumi riscos incomuns.,,TRUE,"[""0"",""1"",""2"",""3""]",,,,,,,,,,FALSE,
FORM-2026-0004,71,,MULTIPLE_CHOICE,8. As pessoas me diziam que eu estava 'diferente' ou 'inquieto(a)'.,,TRUE,"[""0"",""1"",""2"",""3""]",,,,,,,,,,FALSE,
FORM-2026-0004,72,,MULTIPLE_CHOICE,9. Esses períodos duraram pelo menos 4 dias consecutivos.,,TRUE,"[""0"",""1"",""2"",""3""]",,,,,,,,,,FALSE,
FORM-2026-0004,73,,MULTIPLE_CHOICE,"10. Esse comportamento causou problemas no trabalho, família ou vida social.",,TRUE,"[""0"",""1"",""2"",""3""]",,,,,,,,,,FALSE,
FORM-2026-0005,1,,TEXT,Nome completo,Identificação para vínculo clínico.,TRUE,,,,,,,,,,,,FALSE,
FORM-2026-0005,2,,DATE,Data de nascimento,,TRUE,,,,,,,,,,,,FALSE,
FORM-2026-0005,3,,DATE,Data de aplicação do rastreio,,TRUE,,,,,,,,,,,,FALSE,
FORM-2026-0005,4,,MULTIPLE_CHOICE,1. Tenho dificuldade em manter o foco em conversas longas.,,TRUE,"[""0"",""1"",""2"",""3"",""4""]",,,,,,,,,,FALSE,
FORM-2026-0005,5,,MULTIPLE_CHOICE,2. Frequentemente cometo erros por descuido.,,TRUE,"[""0"",""1"",""2"",""3"",""4""]",,,,,,,,,,FALSE,
FORM-2026-0005,6,,MULTIPLE_CHOICE,3. Tenho dificuldade em manter a atenção em leituras ou vídeos.,,TRUE,"[""0"",""1"",""2"",""3"",""4""]",,,,,,,,,,FALSE,
FORM-2026-0005,7,,MULTIPLE_CHOICE,"4. Perco objetos importantes como carteira, celular ou chaves.",,TRUE,"[""0"",""1"",""2"",""3"",""4""]",,,,,,,,,,FALSE,
FORM-2026-0005,8,,MULTIPLE_CHOICE,5. Esqueço facilmente compromissos e datas.,,TRUE,"[""0"",""1"",""2"",""3"",""4""]",,,,,,,,,,FALSE,
FORM-2026-0005,9,,MULTIPLE_CHOICE,6. Evito tarefas que exigem esforço mental prolongado.,,TRUE,"[""0"",""1"",""2"",""3"",""4""]",,,,,,,,,,FALSE,
FORM-2026-0005,10,,MULTIPLE_CHOICE,7. Me distraio com estímulos irrelevantes ao realizar tarefas.,,TRUE,"[""0"",""1"",""2"",""3"",""4""]",,,,,,,,,,FALSE,
FORM-2026-0005,11,,MULTIPLE_CHOICE,8. Tenho dificuldade em organizar compromissos e atividades.,,TRUE,"[""0"",""1"",""2"",""3"",""4""]",,,,,,,,,,FALSE,
FORM-2026-0005,12,,MULTIPLE_CHOICE,9. Sinto que meu pensamento é confuso ou fragmentado.,,TRUE,"[""0"",""1"",""2"",""3"",""4""]",,,,,,,,,,FALSE,
FORM-2026-0005,13,,MULTIPLE_CHOICE,10. Esqueço o que ia fazer logo após me levantar ou mudar de ambiente.,,TRUE,"[""0"",""1"",""2"",""3"",""4""]",,,,,,,,,,FALSE,
FORM-2026-0005,14,,MULTIPLE_CHOICE,11. Frequentemente preciso reler parágrafos para entender o conteúdo.,,TRUE,"[""0"",""1"",""2"",""3"",""4""]",,,,,,,,,,FALSE,
FORM-2026-0005,15,,MULTIPLE_CHOICE,12. Costumo começar tarefas e abandonar antes de terminar.,,TRUE,"[""0"",""1"",""2"",""3"",""4""]",,,,,,,,,,FALSE,
FORM-2026-0005,16,,MULTIPLE_CHOICE,1. Tenho dificuldade em permanecer sentado por longos períodos.,,TRUE,"[""0"",""1"",""2"",""3"",""4""]",,,,,,,,,,FALSE,
FORM-2026-0005,17,,MULTIPLE_CHOICE,2. Mexo mãos ou pés mesmo sem perceber.,,TRUE,"[""0"",""1"",""2"",""3"",""4""]",,,,,,,,,,FALSE,
FORM-2026-0005,18,,MULTIPLE_CHOICE,3. Falo demais mesmo quando não é apropriado.,,TRUE,"[""0"",""1"",""2"",""3"",""4""]",,,,,,,,,,FALSE,
FORM-2026-0005,19,,MULTIPLE_CHOICE,4. Interrompo os outros frequentemente.,,TRUE,"[""0"",""1"",""2"",""3"",""4""]",,,,,,,,,,FALSE,
FORM-2026-0005,20,,MULTIPLE_CHOICE,5. Respondo perguntas antes que sejam finalizadas.,,TRUE,"[""0"",""1"",""2"",""3"",""4""]",,,,,,,,,,FALSE,
FORM-2026-0005,21,,MULTIPLE_CHOICE,6. Tenho comportamentos impulsivos que causam problemas.,,TRUE,"[""0"",""1"",""2"",""3"",""4""]",,,,,,,,,,FALSE,
FORM-2026-0005,22,,MULTIPLE_CHOICE,7. Tomo decisões sem pensar nas consequências.,,TRUE,"[""0"",""1"",""2"",""3"",""4""]",,,,,,,,,,FALSE,
FORM-2026-0005,23,,MULTIPLE_CHOICE,8. Sinto uma inquietação interna constante.,,TRUE,"[""0"",""1"",""2"",""3"",""4""]",,,,,,,,,,FALSE,
FORM-2026-0005,24,,MULTIPLE_CHOICE,9. Tenho necessidade de mudar de posição repetidamente.,,TRUE,"[""0"",""1"",""2"",""3"",""4""]",,,,,,,,,,FALSE,
FORM-2026-0005,25,,MULTIPLE_CHOICE,10. Me levanto em situações em que deveria estar sentado.,,TRUE,"[""0"",""1"",""2"",""3"",""4""]",,,,,,,,,,FALSE,
FORM-2026-0005,26,,MULTIPLE_CHOICE,11. Termino frases de outras pessoas.,,TRUE,"[""0"",""1"",""2"",""3"",""4""]",,,,,,,,,,FALSE,
FORM-2026-0005,27,,MULTIPLE_CHOICE,"12. Faço compras, apostas ou ações impulsivas que depois me arrependem.",,TRUE,"[""0"",""1"",""2"",""3"",""4""]",,,,,,,,,,FALSE,
FORM-2026-0005,28,,MULTIPLE_CHOICE,1. Tenho explosões emocionais desproporcionais.,,TRUE,"[""0"",""1"",""2"",""3"",""4""]",,,,,,,,,,FALSE,
FORM-2026-0005,29,,MULTIPLE_CHOICE,2. Me frustro com facilidade.,,TRUE,"[""0"",""1"",""2"",""3"",""4""]",,,,,,,,,,FALSE,
FORM-2026-0005,30,,MULTIPLE_CHOICE,3. Sinto variações bruscas de humor durante o dia.,,TRUE,"[""0"",""1"",""2"",""3"",""4""]",,,,,,,,,,FALSE,
FORM-2026-0005,31,,MULTIPLE_CHOICE,4. Tenho dificuldade em me acalmar após uma situação estressante.,,TRUE,"[""0"",""1"",""2"",""3"",""4""]",,,,,,,,,,FALSE,
FORM-2026-0005,32,,MULTIPLE_CHOICE,5. Reajo com irritação a pequenas contrariedades.,,TRUE,"[""0"",""1"",""2"",""3"",""4""]",,,,,,,,,,FALSE,
FORM-2026-0005,33,,MULTIPLE_CHOICE,6. Me culpo intensamente por erros pequenos.,,TRUE,"[""0"",""1"",""2"",""3"",""4""]",,,,,,,,,,FALSE,
FORM-2026-0005,34,,MULTIPLE_CHOICE,7. Tenho baixa tolerância à crítica.,,TRUE,"[""0"",""1"",""2"",""3"",""4""]",,,,,,,,,,FALSE,
FORM-2026-0005,35,,MULTIPLE_CHOICE,8. Às vezes choro sem entender o motivo.,,TRUE,"[""0"",""1"",""2"",""3"",""4""]",,,,,,,,,,FALSE,
FORM-2026-0005,36,,MULTIPLE_CHOICE,9. Me sinto emocionalmente esgotado com frequência.,,TRUE,"[""0"",""1"",""2"",""3"",""4""]",,,,,,,,,,FALSE,
FORM-2026-0005,37,,MULTIPLE_CHOICE,10. Tenho dificuldade em controlar o impulso de confrontar os outros.,,TRUE,"[""0"",""1"",""2"",""3"",""4""]",,,,,,,,,,FALSE,
FORM-2026-0005,38,,MULTIPLE_CHOICE,1. Tenho dificuldade em planejar tarefas com várias etapas.,,TRUE,"[""0"",""1"",""2"",""3"",""4""]",,,,,,,,,,FALSE,
FORM-2026-0005,39,,MULTIPLE_CHOICE,2. Não consigo cumprir prazos mesmo sabendo da importância.,,TRUE,"[""0"",""1"",""2"",""3"",""4""]",,,,,,,,,,FALSE,
FORM-2026-0005,40,,MULTIPLE_CHOICE,3. Procrastino mesmo em tarefas simples.,,TRUE,"[""0"",""1"",""2"",""3"",""4""]",,,,,,,,,,FALSE,
FORM-2026-0005,41,,MULTIPLE_CHOICE,4. Tenho dificuldade em organizar minha rotina diária.,,TRUE,"[""0"",""1"",""2"",""3"",""4""]",,,,,,,,,,FALSE,
FORM-2026-0005,42,,MULTIPLE_CHOICE,5. Me atrapalho ao tentar fazer múltiplas tarefas ao mesmo tempo.,,TRUE,"[""0"",""1"",""2"",""3"",""4""]",,,,,,,,,,FALSE,
FORM-2026-0005,43,,MULTIPLE_CHOICE,6. Perco a noção de tempo com frequência.,,TRUE,"[""0"",""1"",""2"",""3"",""4""]",,,,,,,,,,FALSE,
FORM-2026-0005,44,,MULTIPLE_CHOICE,7. Me confundo com sequência de ações simples.,,TRUE,"[""0"",""1"",""2"",""3"",""4""]",,,,,,,,,,FALSE,
FORM-2026-0005,45,,MULTIPLE_CHOICE,8. Tenho dificuldade em priorizar tarefas.,,TRUE,"[""0"",""1"",""2"",""3"",""4""]",,,,,,,,,,FALSE,
FORM-2026-0005,46,,MULTIPLE_CHOICE,9. Me sinto sobrecarregado com pequenas demandas.,,TRUE,"[""0"",""1"",""2"",""3"",""4""]",,,,,,,,,,FALSE,
FORM-2026-0005,47,,MULTIPLE_CHOICE,10. Adio decisões importantes por indecisão ou medo de errar.,,TRUE,"[""0"",""1"",""2"",""3"",""4""]",,,,,,,,,,FALSE,
FORM-2026-0005,48,,MULTIPLE_CHOICE,11. Tenho dificuldade em seguir instruções verbais longas.,,TRUE,"[""0"",""1"",""2"",""3"",""4""]",,,,,,,,,,FALSE,
FORM-2026-0005,49,,MULTIPLE_CHOICE,12. Sinto que tenho mais ideias do que consigo executar.,,TRUE,"[""0"",""1"",""2"",""3"",""4""]",,,,,,,,,,FALSE,
FORM-2026-0005,50,,MULTIPLE_CHOICE,1. Tenho prejuízo no trabalho por distração ou desorganização.,,TRUE,"[""0"",""1"",""2"",""3"",""4""]",,,,,,,,,,FALSE,
FORM-2026-0005,51,,MULTIPLE_CHOICE,2. Me sinto inadequado em ambientes acadêmicos ou profissionais.,,TRUE,"[""0"",""1"",""2"",""3"",""4""]",,,,,,,,,,FALSE,
FORM-2026-0005,52,,MULTIPLE_CHOICE,3. Meus relacionamentos são afetados por minha impulsividade.,,TRUE,"[""0"",""1"",""2"",""3"",""4""]",,,,,,,,,,FALSE,
FORM-2026-0005,53,,MULTIPLE_CHOICE,4. Evito compromissos por medo de não conseguir cumpri-los.,,TRUE,"[""0"",""1"",""2"",""3"",""4""]",,,,,,,,,,FALSE,
FORM-2026-0005,54,,MULTIPLE_CHOICE,5. Me sinto socialmente inadequado por meu comportamento.,,TRUE,"[""0"",""1"",""2"",""3"",""4""]",,,,,,,,,,FALSE,
FORM-2026-0005,55,,MULTIPLE_CHOICE,6. Tenho dificuldades financeiras por desorganização.,,TRUE,"[""0"",""1"",""2"",""3"",""4""]",,,,,,,,,,FALSE,
FORM-2026-0005,56,,MULTIPLE_CHOICE,7. Me envergonho de minhas falhas em tarefas simples.,,TRUE,"[""0"",""1"",""2"",""3"",""4""]",,,,,,,,,,FALSE,
FORM-2026-0005,57,,MULTIPLE_CHOICE,8. Me sinto frustrado por não atingir meu potencial.,,TRUE,"[""0"",""1"",""2"",""3"",""4""]",,,,,,,,,,FALSE,
FORM-2026-0005,58,,MULTIPLE_CHOICE,1. Era descrito como inquieto(a) ou agitado(a) na infância.,,TRUE,"[""0"",""1"",""2"",""3"",""4""]",,,,,,,,,,FALSE,
FORM-2026-0005,59,,MULTIPLE_CHOICE,2. Recebia muitas advertências por interromper ou não esperar a vez.,,TRUE,"[""0"",""1"",""2"",""3"",""4""]",,,,,,,,,,FALSE,
FORM-2026-0005,60,,MULTIPLE_CHOICE,3. Tive dificuldade em manter atenção nas aulas.,,TRUE,"[""0"",""1"",""2"",""3"",""4""]",,,,,,,,,,FALSE,
FORM-2026-0005,61,,MULTIPLE_CHOICE,4. Não conseguia terminar as tarefas escolares.,,TRUE,"[""0"",""1"",""2"",""3"",""4""]",,,,,,,,,,FALSE,
FORM-2026-0005,62,,MULTIPLE_CHOICE,5. Era impulsivo(a) nas brincadeiras ou conflitos.,,TRUE,"[""0"",""1"",""2"",""3"",""4""]",,,,,,,,,,FALSE,
FORM-2026-0005,63,,MULTIPLE_CHOICE,6. Tinha dificuldade em manter amizades por comportamento inadequado.,,TRUE,"[""0"",""1"",""2"",""3"",""4""]",,,,,,,,,,FALSE,
FORM-2026-0005,64,,MULTIPLE_CHOICE,7. Mudava de assunto ou atividade com frequência.,,TRUE,"[""0"",""1"",""2"",""3"",""4""]",,,,,,,,,,FALSE,
FORM-2026-0005,65,,MULTIPLE_CHOICE,8. Tive dificuldades com regras e limites.,,TRUE,"[""0"",""1"",""2"",""3"",""4""]",,,,,,,,,,FALSE,
FORM-2026-0005,66,,MULTIPLE_CHOICE,9. Me sentia diferente dos outros colegas.,,TRUE,"[""0"",""1"",""2"",""3"",""4""]",,,,,,,,,,FALSE,
FORM-2026-0005,67,,MULTIPLE_CHOICE,10. Era criticado por falta de foco ou agitação.,,TRUE,"[""0"",""1"",""2"",""3"",""4""]",,,,,,,,,,FALSE,
FORM-2026-0005,68,,MULTIPLE_CHOICE,1. Meus sintomas surgiram apenas na idade adulta.,,TRUE,"[""0"",""1"",""2"",""3"",""4""]",,,,,,,,,,FALSE,
FORM-2026-0005,69,,MULTIPLE_CHOICE,2. Tenho oscilações intensas de humor (ex: euforia e apatia).,,TRUE,"[""0"",""1"",""2"",""3"",""4""]",,,,,,,,,,FALSE,
FORM-2026-0005,70,,MULTIPLE_CHOICE,3. Tenho histórico de trauma que influencia meu comportamento atual.,,TRUE,"[""0"",""1"",""2"",""3"",""4""]",,,,,,,,,,FALSE,
FORM-2026-0005,71,,MULTIPLE_CHOICE,4. Os sintomas pioram em momentos de estresse ou luto.,,TRUE,"[""0"",""1"",""2"",""3"",""4""]",,,,,,,,,,FALSE,
FORM-2026-0005,72,,MULTIPLE_CHOICE,5. Sinto mudanças súbitas de energia e sono.,,TRUE,"[""0"",""1"",""2"",""3"",""4""]",,,,,,,,,,FALSE,
FORM-2026-0005,73,,MULTIPLE_CHOICE,"6. Já fui diagnosticado com transtorno bipolar, depressão ou ansiedade.",,TRUE,"[""0"",""1"",""2"",""3"",""4""]",,,,,,,,,,FALSE,
FORM-2026-0005,74,,MULTIPLE_CHOICE,7. Os sintomas desaparecem quando estou em férias ou descansado.,,TRUE,"[""0"",""1"",""2"",""3"",""4""]",,,,,,,,,,FALSE,
FORM-2026-0005,75,,MULTIPLE_CHOICE,8. Tenho crises de pânico ou episódios dissociativos.,,TRUE,"[""0"",""1"",""2"",""3"",""4""]",,,,,,,,,,FALSE,
FORM-2026-0005,76,,MULTIPLE_CHOICE,"9. Já tive episódios de compulsão (alimentar, compras, jogos, etc).",,TRUE,"[""0"",""1"",""2"",""3"",""4""]",,,,,,,,,,FALSE,
FORM-2026-0005,77,,MULTIPLE_CHOICE,10. Meus sintomas não apareceram na infância ou adolescência.,,TRUE,"[""0"",""1"",""2"",""3"",""4""]",,,,,,,,,,FALSE,
FORM-2026-0005,78,,MULTIPLE_CHOICE,1. Consigo manter o foco em atividades longas sem me distrair.,,TRUE,"[""0"",""1"",""2"",""3"",""4""]",,,,,,,,,,FALSE,
FORM-2026-0005,79,,MULTIPLE_CHOICE,2. Me considero organizado(a) e pontual.,,TRUE,"[""0"",""1"",""2"",""3"",""4""]",,,,,,,,,,FALSE,
FORM-2026-0005,80,,MULTIPLE_CHOICE,3. Tenho facilidade em lidar com mudanças e imprevistos.,,TRUE,"[""0"",""1"",""2"",""3"",""4""]",,,,,,,,,,FALSE,
FORM-2026-0005,81,,MULTIPLE_CHOICE,4. Sinto que consigo controlar minhas emoções com facilidade.,,TRUE,"[""0"",""1"",""2"",""3"",""4""]",,,,,,,,,,FALSE,
FORM-2026-0005,82,,MULTIPLE_CHOICE,5. Meus colegas dizem que sou uma pessoa centrada e estável.,,TRUE,"[""0"",""1"",""2"",""3"",""4""]",,,,,,,,,,FALSE,
FORM-2026-0005,83,,MULTIPLE_CHOICE,6. Me considero produtivo e eficiente na maioria das atividades.,,TRUE,"[""0"",""1"",""2"",""3"",""4""]",,,,,,,,,,FALSE,
FORM-2026-0005,84,,MULTIPLE_CHOICE,7. Lido bem com tarefas complexas e de longo prazo.,,TRUE,"[""0"",""1"",""2"",""3"",""4""]",,,,,,,,,,FALSE,
FORM-2026-0005,85,,MULTIPLE_CHOICE,8. Me destaco por minha habilidade de escutar sem interromper.,,TRUE,"[""0"",""1"",""2"",""3"",""4""]",,,,,,,,,,FALSE,
FORM-2026-0005,86,,MULTIPLE_CHOICE,9. Reflito antes de tomar decisões importantes.,,TRUE,"[""0"",""1"",""2"",""3"",""4""]",,,,,,,,,,FALSE,
FORM-2026-0005,87,,MULTIPLE_CHOICE,10. Me sinto emocionalmente equilibrado na maior parte do tempo.,,TRUE,"[""0"",""1"",""2"",""3"",""4""]",,,,,,,,,,FALSE,
FORM-2026-0005,88,,MULTIPLE_CHOICE,11. Tenho clareza sobre minhas metas e prioridades diárias.,,TRUE,"[""0"",""1"",""2"",""3"",""4""]",,,,,,,,,,FALSE,
FORM-2026-0006,1,,TEXT,Nome completo,Identificação para vínculo clínico.,TRUE,,,,,,,,,,,,FALSE,
FORM-2026-0006,2,,DATE,Data de nascimento,,TRUE,,,,,,,,,,,,FALSE,
FORM-2026-0006,3,,DATE,Data de aplicação do rastreio,,TRUE,,,,,,,,,,,,FALSE,
FORM-2026-0006,4,,DROPDOWN,1. Período de humor muito elevado/hiperativo notado pelos outros?,,FALSE,"[""Selecione..."",""Aplica-se (Sim)"",""Não se aplica""]",,,,,,,,,,FALSE,
FORM-2026-0006,5,,DROPDOWN,2. Mais confiante do que o habitual?,,FALSE,"[""Selecione..."",""Aplica-se (Sim)"",""Não se aplica""]",,,,,,,,,,FALSE,
FORM-2026-0006,6,,DROPDOWN,3. Dormiu menos sem sentir falta?,,FALSE,"[""Selecione..."",""Aplica-se (Sim)"",""Não se aplica""]",,,,,,,,,,FALSE,
FORM-2026-0006,7,,DROPDOWN,4. Mais falante que o habitual?,,FALSE,"[""Selecione..."",""Aplica-se (Sim)"",""Não se aplica""]",,,,,,,,,,FALSE,
FORM-2026-0006,8,,DROPDOWN,5. Pensamentos muito rápidos?,,FALSE,"[""Selecione..."",""Aplica-se (Sim)"",""Não se aplica""]",,,,,,,,,,FALSE,
FORM-2026-0006,9,,DROPDOWN,6. Distraía-se com facilidade?,,FALSE,"[""Selecione..."",""Aplica-se (Sim)"",""Não se aplica""]",,,,,,,,,,FALSE,
FORM-2026-0006,10,,DROPDOWN,7. Aumento de energia/atividade?,,FALSE,"[""Selecione..."",""Aplica-se (Sim)"",""Não se aplica""]",,,,,,,,,,FALSE,
FORM-2026-0006,11,,DROPDOWN,8. Mais sociável/extrovertido(a)?,,FALSE,"[""Selecione..."",""Aplica-se (Sim)"",""Não se aplica""]",,,,,,,,,,FALSE,
FORM-2026-0006,12,,DROPDOWN,9. Mais interesse/atividade sexual?,,FALSE,"[""Selecione..."",""Aplica-se (Sim)"",""Não se aplica""]",,,,,,,,,,FALSE,
FORM-2026-0006,13,,DROPDOWN,10. Fez coisas fora do caráter/arriscadas?,,FALSE,"[""Selecione..."",""Aplica-se (Sim)"",""Não se aplica""]",,,,,,,,,,FALSE,
FORM-2026-0006,14,,DROPDOWN,11. Gastos excessivos/compras impulsivas?,,FALSE,"[""Selecione..."",""Aplica-se (Sim)"",""Não se aplica""]",,,,,,,,,,FALSE,
FORM-2026-0006,15,,DROPDOWN,12. Produtividade incomum?,,FALSE,"[""Selecione..."",""Aplica-se (Sim)"",""Não se aplica""]",,,,,,,,,,FALSE,
FORM-2026-0006,16,,DROPDOWN,13. Irritabilidade com discussões/brigas?,,FALSE,"[""Selecione..."",""Aplica-se (Sim)"",""Não se aplica""]",,,,,,,,,,FALSE,
FORM-2026-0006,17,,DROPDOWN,Os sintomas marcados “Sim” aconteceram ao mesmo tempo?,,FALSE,"[""Selecione..."",""Aplica-se (Sim)"",""Não se aplica""]",,,,,,,,,,FALSE,
FORM-2026-0006,18,,DROPDOWN,Os sintomas marcados “Sim” aconteceram ao mesmo tempo?,,FALSE,"[""Selecione..."",""Nenhum"",""Leve"",""Moderado"",""Grave""]",,,,,,,,,,FALSE,
FORM-2026-0006,19,,DROPDOWN,1. Fico mais falante e expansivo(a).,,FALSE,"[""Selecione..."",""Aplica-se (Sim)"",""Não se aplica""]",,,,,,,,,,FALSE,
FORM-2026-0006,20,,DROPDOWN,"2. Fico mais ativo(a), com muita energia.",,FALSE,"[""Selecione..."",""Aplica-se (Sim)"",""Não se aplica""]",,,,,,,,,,FALSE,
FORM-2026-0006,21,,DROPDOWN,3. Sou mais confiante/seguro(a).,,FALSE,"[""Selecione..."",""Aplica-se (Sim)"",""Não se aplica""]",,,,,,,,,,FALSE,
FORM-2026-0006,22,,DROPDOWN,4. Necessito de menos sono que o normal.,,FALSE,"[""Selecione..."",""Aplica-se (Sim)"",""Não se aplica""]",,,,,,,,,,FALSE,
FORM-2026-0006,23,,DROPDOWN,"5. Estou mais criativo(a), cheio(a) de ideias.",,FALSE,"[""Selecione..."",""Aplica-se (Sim)"",""Não se aplica""]",,,,,,,,,,FALSE,
FORM-2026-0006,24,,DROPDOWN,6. Sou mais sociável e busco companhia.,,FALSE,"[""Selecione..."",""Aplica-se (Sim)"",""Não se aplica""]",,,,,,,,,,FALSE,
FORM-2026-0006,25,,DROPDOWN,7. Tenho maior interesse/atividade sexual.,,FALSE,"[""Selecione..."",""Aplica-se (Sim)"",""Não se aplica""]",,,,,,,,,,FALSE,
FORM-2026-0006,26,,DROPDOWN,8. Assumo mais riscos que o usual.,,FALSE,"[""Selecione..."",""Aplica-se (Sim)"",""Não se aplica""]",,,,,,,,,,FALSE,
FORM-2026-0006,27,,DROPDOWN,9. Sinto-me mais feliz/animado(a).,,FALSE,"[""Selecione..."",""Aplica-se (Sim)"",""Não se aplica""]",,,,,,,,,,FALSE,
FORM-2026-0006,28,,DROPDOWN,10. Fico mais impaciente.,,FALSE,"[""Selecione..."",""Aplica-se (Sim)"",""Não se aplica""]",,,,,,,,,,FALSE,
FORM-2026-0006,29,,DROPDOWN,11. Pensamentos acelerados.,,FALSE,"[""Selecione..."",""Aplica-se (Sim)"",""Não se aplica""]",,,,,,,,,,FALSE,
FORM-2026-0006,30,,DROPDOWN,12. Decisões mais rápidas.,,FALSE,"[""Selecione..."",""Aplica-se (Sim)"",""Não se aplica""]",,,,,,,,,,FALSE,
FORM-2026-0006,31,,DROPDOWN,13. Faço muitas coisas ao mesmo tempo.,,FALSE,"[""Selecione..."",""Aplica-se (Sim)"",""Não se aplica""]",,,,,,,,,,FALSE,
FORM-2026-0006,32,,DROPDOWN,14. Gasto mais dinheiro que deveria.,,FALSE,"[""Selecione..."",""Aplica-se (Sim)"",""Não se aplica""]",,,,,,,,,,FALSE,
FORM-2026-0006,33,,DROPDOWN,15. Fico mais espirituoso(a)/brincalhão(ona).,,FALSE,"[""Selecione..."",""Aplica-se (Sim)"",""Não se aplica""]",,,,,,,,,,FALSE,
FORM-2026-0006,34,,DROPDOWN,16. Trabalho/estudo com maior intensidade.,,FALSE,"[""Selecione..."",""Aplica-se (Sim)"",""Não se aplica""]",,,,,,,,,,FALSE,
FORM-2026-0006,35,,DROPDOWN,17. Mais produtivo(a) que o normal.,,FALSE,"[""Selecione..."",""Aplica-se (Sim)"",""Não se aplica""]",,,,,,,,,,FALSE,
FORM-2026-0006,36,,DROPDOWN,18. Falo mais alto/mais depressa.,,FALSE,"[""Selecione..."",""Aplica-se (Sim)"",""Não se aplica""]",,,,,,,,,,FALSE,
FORM-2026-0006,37,,DROPDOWN,19. Distraio-me facilmente.,,FALSE,"[""Selecione..."",""Aplica-se (Sim)"",""Não se aplica""]",,,,,,,,,,FALSE,
FORM-2026-0006,38,,DROPDOWN,20. Mais irritável.,,FALSE,"[""Selecione..."",""Aplica-se (Sim)"",""Não se aplica""]",,,,,,,,,,FALSE,
FORM-2026-0006,39,,DROPDOWN,21. Condução mais arriscada.,,FALSE,"[""Selecione..."",""Aplica-se (Sim)"",""Não se aplica""]",,,,,,,,,,FALSE,
FORM-2026-0006,40,,DROPDOWN,22. Compras por impulso.,,FALSE,"[""Selecione..."",""Aplica-se (Sim)"",""Não se aplica""]",,,,,,,,,,FALSE,
FORM-2026-0006,41,,DROPDOWN,23. Uso mais álcool/cafeína/outros para manter o ritmo.,,FALSE,"[""Selecione..."",""Aplica-se (Sim)"",""Não se aplica""]",,,,,,,,,,FALSE,
FORM-2026-0006,42,,DROPDOWN,24. Interrompo os outros com frequência.,,FALSE,"[""Selecione..."",""Aplica-se (Sim)"",""Não se aplica""]",,,,,,,,,,FALSE,
FORM-2026-0006,43,,DROPDOWN,25. Tomo a liderança com facilidade.,,FALSE,"[""Selecione..."",""Aplica-se (Sim)"",""Não se aplica""]",,,,,,,,,,FALSE,
FORM-2026-0006,44,,DROPDOWN,26. Planejo muitos projetos simultaneamente.,,FALSE,"[""Selecione..."",""Aplica-se (Sim)"",""Não se aplica""]",,,,,,,,,,FALSE,
FORM-2026-0006,45,,DROPDOWN,27. Sinto-me mais atraente/vaidoso(a).,,FALSE,"[""Selecione..."",""Aplica-se (Sim)"",""Não se aplica""]",,,,,,,,,,FALSE,
FORM-2026-0006,46,,DROPDOWN,28. Aumento de discussões.,,FALSE,"[""Selecione..."",""Aplica-se (Sim)"",""Não se aplica""]",,,,,,,,,,FALSE,
FORM-2026-0006,47,,DROPDOWN,29. Menos cuidadoso(a) com regras/prazos.,,FALSE,"[""Selecione..."",""Aplica-se (Sim)"",""Não se aplica""]",,,,,,,,,,FALSE,
FORM-2026-0006,48,,DROPDOWN,30. Piadas/comentários inadequados.,,FALSE,"[""Selecione..."",""Aplica-se (Sim)"",""Não se aplica""]",,,,,,,,,,FALSE,
FORM-2026-0006,49,,DROPDOWN,31. Dificuldade de concluir tarefas.,,FALSE,"[""Selecione..."",""Aplica-se (Sim)"",""Não se aplica""]",,,,,,,,,,FALSE,
FORM-2026-0006,50,,DROPDOWN,32. Aumento de atividades sociais/festas.,,FALSE,"[""Selecione..."",""Aplica-se (Sim)"",""Não se aplica""]",,,,,,,,,,FALSE,
FORM-2026-0006,51,,DROPDOWN,1. Períodos “para cima” com energia/confiança incomuns.,,FALSE,"[""Selecione..."",""Aplica-se (Sim)"",""Não se aplica""]",,,,,,,,,,FALSE,
FORM-2026-0006,52,,DROPDOWN,2. Nesses períodos sou mais sociável e falante.,,FALSE,"[""Selecione..."",""Aplica-se (Sim)"",""Não se aplica""]",,,,,,,,,,FALSE,
FORM-2026-0006,53,,DROPDOWN,"3. Mente acelerada, muitas ideias.",,FALSE,"[""Selecione..."",""Aplica-se (Sim)"",""Não se aplica""]",,,,,,,,,,FALSE,
FORM-2026-0006,54,,DROPDOWN,4. Preciso de menos sono e fico bem.,,FALSE,"[""Selecione..."",""Aplica-se (Sim)"",""Não se aplica""]",,,,,,,,,,FALSE,
FORM-2026-0006,55,,DROPDOWN,5. Inicio muitos projetos simultaneamente.,,FALSE,"[""Selecione..."",""Aplica-se (Sim)"",""Não se aplica""]",,,,,,,,,,FALSE,
FORM-2026-0006,56,,DROPDOWN,6. Decisões mais rápidas/impulsivas.,,FALSE,"[""Selecione..."",""Aplica-se (Sim)"",""Não se aplica""]",,,,,,,,,,FALSE,
FORM-2026-0006,57,,DROPDOWN,7. Gastos excessivos/assumo riscos.,,FALSE,"[""Selecione..."",""Aplica-se (Sim)"",""Não se aplica""]",,,,,,,,,,FALSE,
FORM-2026-0006,58,,DROPDOWN,"8. Mais produtivo(a), às vezes desorganizado(a).",,FALSE,"[""Selecione..."",""Aplica-se (Sim)"",""Não se aplica""]",,,,,,,,,,FALSE,
FORM-2026-0006,59,,DROPDOWN,9. Pessoas notam que estou diferente.,,FALSE,"[""Selecione..."",""Aplica-se (Sim)"",""Não se aplica""]",,,,,,,,,,FALSE,
FORM-2026-0006,60,,DROPDOWN,10. Alterno com quedas de humor/cansaço.,,FALSE,"[""Selecione..."",""Aplica-se (Sim)"",""Não se aplica""]",,,,,,,,,,FALSE,
FORM-2026-0006,61,,DROPDOWN,"11. Nas quedas, fico lento(a)/desanimado(a).",,FALSE,"[""Selecione..."",""Aplica-se (Sim)"",""Não se aplica""]",,,,,,,,,,FALSE,
FORM-2026-0006,62,,DROPDOWN,12. Dificuldade de concentração nas quedas.,,FALSE,"[""Selecione..."",""Aplica-se (Sim)"",""Não se aplica""]",,,,,,,,,,FALSE,
FORM-2026-0006,63,,DROPDOWN,13. Culpa/inutilidade/desesperança nas quedas.,,FALSE,"[""Selecione..."",""Aplica-se (Sim)"",""Não se aplica""]",,,,,,,,,,FALSE,
FORM-2026-0006,64,,DROPDOWN,14. Sono aumenta nas quedas.,,FALSE,"[""Selecione..."",""Aplica-se (Sim)"",""Não se aplica""]",,,,,,,,,,FALSE,
FORM-2026-0006,65,,DROPDOWN,15. Oscilações afetam trabalho/estudo.,,FALSE,"[""Selecione..."",""Aplica-se (Sim)"",""Não se aplica""]",,,,,,,,,,FALSE,
FORM-2026-0006,66,,DROPDOWN,16. Mudanças de humor podem ser reativas.,,FALSE,"[""Selecione..."",""Aplica-se (Sim)"",""Não se aplica""]",,,,,,,,,,FALSE,
FORM-2026-0006,67,,DROPDOWN,17. História familiar de depressão/bipolaridade.,,FALSE,"[""Selecione..."",""Aplica-se (Sim)"",""Não se aplica""]",,,,,,,,,,FALSE,
FORM-2026-0006,68,,DROPDOWN,18. Sintomas após privação de sono/estresse.,,FALSE,"[""Selecione..."",""Aplica-se (Sim)"",""Não se aplica""]",,,,,,,,,,FALSE,
FORM-2026-0006,69,,DROPDOWN,19. Ouço que “mudo demais”.,,FALSE,"[""Selecione..."",""Aplica-se (Sim)"",""Não se aplica""]",,,,,,,,,,FALSE,
FORM-2026-0006,70,,DROPDOWN,"Quanto, no geral, a narrativa tem a ver com você?",,FALSE,"[""Selecione..."",""Tem tudo ou quase tudo (+6)"",""Tem mais ou menos (+4)"",""Tem pouco (+2)"",""Nada (+0)""]",,,,,,,,,,FALSE,
FORM-2026-0006,71,,DROPDOWN,D1. Período de humor elevado/expansivo/irritável?,,FALSE,"[""Selecione..."",""Aplica-se (Sim)"",""Não se aplica""]",,,,,,,,,,FALSE,
FORM-2026-0006,72,,DROPDOWN,D2. Diferente do funcionamento habitual de forma clara?,,FALSE,"[""Selecione..."",""Aplica-se (Sim)"",""Não se aplica""]",,,,,,,,,,FALSE,
FORM-2026-0006,73,,DROPDOWN,D3.1 Autoestima elevada/grandiosidade.,,FALSE,"[""Selecione..."",""Aplica-se (Sim)"",""Não se aplica""]",,,,,,,,,,FALSE,
FORM-2026-0006,74,,DROPDOWN,D3.2 Redução da necessidade de sono.,,FALSE,"[""Selecione..."",""Aplica-se (Sim)"",""Não se aplica""]",,,,,,,,,,FALSE,
FORM-2026-0006,75,,DROPDOWN,D3.3 Mais loquaz/pressão para falar.,,FALSE,"[""Selecione..."",""Aplica-se (Sim)"",""Não se aplica""]",,,,,,,,,,FALSE,
FORM-2026-0006,76,,DROPDOWN,D3.4 Fuga de ideias/pensamento acelerado.,,FALSE,"[""Selecione..."",""Aplica-se (Sim)"",""Não se aplica""]",,,,,,,,,,FALSE,
FORM-2026-0006,77,,DROPDOWN,D3.5 Distratibilidade.,,FALSE,"[""Selecione..."",""Aplica-se (Sim)"",""Não se aplica""]",,,,,,,,,,FALSE,
FORM-2026-0006,78,,DROPDOWN,D3.6 Aumento da atividade dirigida a objetivos/agitação.,,FALSE,"[""Selecione..."",""Aplica-se (Sim)"",""Não se aplica""]",,,,,,,,,,FALSE,
FORM-2026-0006,79,,DROPDOWN,D3.7 Envolvimento em atividades com alto potencial de consequências.,,FALSE,"[""Selecione..."",""Aplica-se (Sim)"",""Não se aplica""]",,,,,,,,,,FALSE,
FORM-2026-0006,80,,DROPDOWN,D3.1 Autoestima elevada/grandiosidade.,,FALSE,"[""Selecione..."",""≥ 7 dias"",""4–6 dias"",""2–3 dias"",""< 2 dias""]",,,,,,,,,,FALSE,
FORM-2026-0007,1,,TEXT,Nome completo,Identificação para vínculo clínico.,TRUE,,,,,,,,,,,,FALSE,
FORM-2026-0007,2,,DATE,Data de nascimento,,TRUE,,,,,,,,,,,,FALSE,
FORM-2026-0007,3,,DATE,Data de aplicação do rastreio,,TRUE,,,,,,,,,,,,FALSE,
FORM-2026-0007,4,,DROPDOWN,Itens do questionário,,TRUE,"[""Selecione..."",""Raramente ou nunca"",""De vez em quando"",""Com frequência"",""Quase sempre/ sempre""]",,,,,,,,,,FALSE,
FORM-2026-0007,5,,DROPDOWN,Itens do questionário,,TRUE,"[""Selecione..."",""Raramente ou nunca"",""De vez em quando"",""Com frequência"",""Quase sempre/ sempre""]",,,,,,,,,,FALSE,
FORM-2026-0007,6,,DROPDOWN,Itens do questionário,,TRUE,"[""Selecione..."",""Raramente ou nunca"",""De vez em quando"",""Com frequência"",""Quase sempre/ sempre""]",,,,,,,,,,FALSE,
FORM-2026-0007,7,,DROPDOWN,Itens do questionário,,TRUE,"[""Selecione..."",""Raramente ou nunca"",""De vez em quando"",""Com frequência"",""Quase sempre/ sempre""]",,,,,,,,,,FALSE,
FORM-2026-0007,8,,DROPDOWN,Itens do questionário,,TRUE,"[""Selecione..."",""Raramente ou nunca"",""De vez em quando"",""Com frequência"",""Quase sempre/ sempre""]",,,,,,,,,,FALSE,
FORM-2026-0007,9,,DROPDOWN,Itens do questionário,,TRUE,"[""Selecione..."",""Raramente ou nunca"",""De vez em quando"",""Com frequência"",""Quase sempre/ sempre""]",,,,,,,,,,FALSE,
FORM-2026-0007,10,,DROPDOWN,Itens do questionário,,TRUE,"[""Selecione..."",""Raramente ou nunca"",""De vez em quando"",""Com frequência"",""Quase sempre/ sempre""]",,,,,,,,,,FALSE,
FORM-2026-0007,11,,DROPDOWN,Itens do questionário,,TRUE,"[""Selecione..."",""Raramente ou nunca"",""De vez em quando"",""Com frequência"",""Quase sempre/ sempre""]",,,,,,,,,,FALSE,
FORM-2026-0007,12,,DROPDOWN,Itens do questionário,,TRUE,"[""Selecione..."",""Raramente ou nunca"",""De vez em quando"",""Com frequência"",""Quase sempre/ sempre""]",,,,,,,,,,FALSE,
FORM-2026-0007,13,,DROPDOWN,Itens do questionário,,TRUE,"[""Selecione..."",""Raramente ou nunca"",""De vez em quando"",""Com frequência"",""Quase sempre/ sempre""]",,,,,,,,,,FALSE,
FORM-2026-0007,14,,DROPDOWN,Itens do questionário,,TRUE,"[""Selecione..."",""Raramente ou nunca"",""De vez em quando"",""Com frequência"",""Quase sempre/ sempre""]",,,,,,,,,,FALSE,
FORM-2026-0007,15,,DROPDOWN,Itens do questionário,,TRUE,"[""Selecione..."",""Raramente ou nunca"",""De vez em quando"",""Com frequência"",""Quase sempre/ sempre""]",,,,,,,,,,FALSE,
FORM-2026-0007,16,,DROPDOWN,Itens do questionário,,TRUE,"[""Selecione..."",""Raramente ou nunca"",""De vez em quando"",""Com frequência"",""Quase sempre/ sempre""]",,,,,,,,,,FALSE,
FORM-2026-0007,17,,DROPDOWN,Itens do questionário,,TRUE,"[""Selecione..."",""Raramente ou nunca"",""De vez em quando"",""Com frequência"",""Quase sempre/ sempre""]",,,,,,,,,,FALSE,
FORM-2026-0007,18,,DROPDOWN,Itens do questionário,,TRUE,"[""Selecione..."",""Raramente ou nunca"",""De vez em quando"",""Com frequência"",""Quase sempre/ sempre""]",,,,,,,,,,FALSE,
FORM-2026-0007,19,,DROPDOWN,Itens do questionário,,TRUE,"[""Selecione..."",""Raramente ou nunca"",""De vez em quando"",""Com frequência"",""Quase sempre/ sempre""]",,,,,,,,,,FALSE,
FORM-2026-0007,20,,DROPDOWN,Itens do questionário,,TRUE,"[""Selecione..."",""Raramente ou nunca"",""De vez em quando"",""Com frequência"",""Quase sempre/ sempre""]",,,,,,,,,,FALSE,
FORM-2026-0007,21,,DROPDOWN,Itens do questionário,,TRUE,"[""Selecione..."",""Raramente ou nunca"",""De vez em quando"",""Com frequência"",""Quase sempre/ sempre""]",,,,,,,,,,FALSE,
FORM-2026-0007,22,,DROPDOWN,Itens do questionário,,TRUE,"[""Selecione..."",""Raramente ou nunca"",""De vez em quando"",""Com frequência"",""Quase sempre/ sempre""]",,,,,,,,,,FALSE,
FORM-2026-0007,23,,DROPDOWN,Itens do questionário,,TRUE,"[""Selecione..."",""Raramente ou nunca"",""De vez em quando"",""Com frequência"",""Quase sempre/ sempre""]",,,,,,,,,,FALSE,
FORM-2026-0007,24,,DROPDOWN,Itens do questionário,,TRUE,"[""Selecione..."",""Raramente ou nunca"",""De vez em quando"",""Com frequência"",""Quase sempre/ sempre""]",,,,,,,,,,FALSE,
FORM-2026-0007,25,,DROPDOWN,Itens do questionário,,TRUE,"[""Selecione..."",""Raramente ou nunca"",""De vez em quando"",""Com frequência"",""Quase sempre/ sempre""]",,,,,,,,,,FALSE,
FORM-2026-0007,26,,DROPDOWN,Itens do questionário,,TRUE,"[""Selecione..."",""Raramente ou nunca"",""De vez em quando"",""Com frequência"",""Quase sempre/ sempre""]",,,,,,,,,,FALSE,
FORM-2026-0007,27,,DROPDOWN,Itens do questionário,,TRUE,"[""Selecione..."",""Raramente ou nunca"",""De vez em quando"",""Com frequência"",""Quase sempre/ sempre""]",,,,,,,,,,FALSE,
FORM-2026-0007,28,,DROPDOWN,Itens do questionário,,TRUE,"[""Selecione..."",""Raramente ou nunca"",""De vez em quando"",""Com frequência"",""Quase sempre/ sempre""]",,,,,,,,,,FALSE,
FORM-2026-0007,29,,DROPDOWN,Itens do questionário,,TRUE,"[""Selecione..."",""Raramente ou nunca"",""De vez em quando"",""Com frequência"",""Quase sempre/ sempre""]",,,,,,,,,,FALSE,
FORM-2026-0007,30,,DROPDOWN,Itens do questionário,,TRUE,"[""Selecione..."",""Raramente ou nunca"",""De vez em quando"",""Com frequência"",""Quase sempre/ sempre""]",,,,,,,,,,FALSE,
FORM-2026-0007,31,,DROPDOWN,Itens do questionário,,TRUE,"[""Selecione..."",""Raramente ou nunca"",""De vez em quando"",""Com frequência"",""Quase sempre/ sempre""]",,,,,,,,,,FALSE,
FORM-2026-0007,32,,DROPDOWN,Itens do questionário,,TRUE,"[""Selecione..."",""Raramente ou nunca"",""De vez em quando"",""Com frequência"",""Quase sempre/ sempre""]",,,,,,,,,,FALSE,
FORM-2026-0007,33,,DROPDOWN,Itens do questionário,,TRUE,"[""Selecione..."",""Raramente ou nunca"",""De vez em quando"",""Com frequência"",""Quase sempre/ sempre""]",,,,,,,,,,FALSE,
FORM-2026-0007,34,,DROPDOWN,Itens do questionário,,TRUE,"[""Selecione..."",""Raramente ou nunca"",""De vez em quando"",""Com frequência"",""Quase sempre/ sempre""]",,,,,,,,,,FALSE,
FORM-2026-0007,35,,DROPDOWN,Itens do questionário,,TRUE,"[""Selecione..."",""Raramente ou nunca"",""De vez em quando"",""Com frequência"",""Quase sempre/ sempre""]",,,,,,,,,,FALSE,
FORM-2026-0007,36,,DROPDOWN,Itens do questionário,,TRUE,"[""Selecione..."",""Raramente ou nunca"",""De vez em quando"",""Com frequência"",""Quase sempre/ sempre""]",,,,,,,,,,FALSE,
FORM-2026-0007,37,,DROPDOWN,Itens do questionário,,TRUE,"[""Selecione..."",""Raramente ou nunca"",""De vez em quando"",""Com frequência"",""Quase sempre/ sempre""]",,,,,,,,,,FALSE,
FORM-2026-0007,38,,DROPDOWN,Itens do questionário,,TRUE,"[""Selecione..."",""Raramente ou nunca"",""De vez em quando"",""Com frequência"",""Quase sempre/ sempre""]",,,,,,,,,,FALSE,
FORM-2026-0007,39,,DROPDOWN,Itens do questionário,,TRUE,"[""Selecione..."",""Raramente ou nunca"",""De vez em quando"",""Com frequência"",""Quase sempre/ sempre""]",,,,,,,,,,FALSE,
FORM-2026-0007,40,,DROPDOWN,Itens do questionário,,TRUE,"[""Selecione..."",""Raramente ou nunca"",""De vez em quando"",""Com frequência"",""Quase sempre/ sempre""]",,,,,,,,,,FALSE,
FORM-2026-0007,41,,DROPDOWN,Itens do questionário,,TRUE,"[""Selecione..."",""Raramente ou nunca"",""De vez em quando"",""Com frequência"",""Quase sempre/ sempre""]",,,,,,,,,,FALSE,
FORM-2026-0007,42,,DROPDOWN,Itens do questionário,,TRUE,"[""Selecione..."",""Raramente ou nunca"",""De vez em quando"",""Com frequência"",""Quase sempre/ sempre""]",,,,,,,,,,FALSE,
FORM-2026-0007,43,,DROPDOWN,Itens do questionário,,TRUE,"[""Selecione..."",""Raramente ou nunca"",""De vez em quando"",""Com frequência"",""Quase sempre/ sempre""]",,,,,,,,,,FALSE,
FORM-2026-0007,44,,DROPDOWN,Itens do questionário,,TRUE,"[""Selecione..."",""Raramente ou nunca"",""De vez em quando"",""Com frequência"",""Quase sempre/ sempre""]",,,,,,,,,,FALSE,
FORM-2026-0007,45,,DROPDOWN,Itens do questionário,,TRUE,"[""Selecione..."",""Raramente ou nunca"",""De vez em quando"",""Com frequência"",""Quase sempre/ sempre""]",,,,,,,,,,FALSE,
FORM-2026-0007,46,,DROPDOWN,Itens do questionário,,TRUE,"[""Selecione..."",""Raramente ou nunca"",""De vez em quando"",""Com frequência"",""Quase sempre/ sempre""]",,,,,,,,,,FALSE,
FORM-2026-0007,47,,DROPDOWN,Itens do questionário,,TRUE,"[""Selecione..."",""Raramente ou nunca"",""De vez em quando"",""Com frequência"",""Quase sempre/ sempre""]",,,,,,,,,,FALSE,
FORM-2026-0007,48,,DROPDOWN,Itens do questionário,,TRUE,"[""Selecione..."",""Raramente ou nunca"",""De vez em quando"",""Com frequência"",""Quase sempre/ sempre""]",,,,,,,,,,FALSE,
FORM-2026-0007,49,,DROPDOWN,Itens do questionário,,TRUE,"[""Selecione..."",""Raramente ou nunca"",""De vez em quando"",""Com frequência"",""Quase sempre/ sempre""]",,,,,,,,,,FALSE,
FORM-2026-0007,50,,DROPDOWN,Itens do questionário,,TRUE,"[""Selecione..."",""Raramente ou nunca"",""De vez em quando"",""Com frequência"",""Quase sempre/ sempre""]",,,,,,,,,,FALSE,
FORM-2026-0008,1,,TEXT,Nome completo,Identificação para vínculo clínico.,TRUE,,,,,,,,,,,,FALSE,
FORM-2026-0008,2,,DATE,Data de nascimento,,TRUE,,,,,,,,,,,,FALSE,
FORM-2026-0008,3,,DATE,Data de aplicação do rastreio,,TRUE,,,,,,,,,,,,FALSE,
FORM-2026-0008,4,,DROPDOWN,1. Eu realmente gosto de ser o centro das atenções.,,FALSE,"[""Selecione..."",""Sim"",""Não""]",,,,,,,,,,FALSE,
FORM-2026-0008,5,,DROPDOWN,2. Eu acho que sou uma pessoa especial.,,FALSE,"[""Selecione..."",""Sim"",""Não""]",,,,,,,,,,FALSE,
FORM-2026-0008,6,,DROPDOWN,3. Todos gostam de ouvir minhas histórias.,,FALSE,"[""Selecione..."",""Sim"",""Não""]",,,,,,,,,,FALSE,
FORM-2026-0008,7,,DROPDOWN,4. Eu insisto em receber o respeito que me é devido.,,FALSE,"[""Selecione..."",""Sim"",""Não""]",,,,,,,,,,FALSE,
FORM-2026-0008,8,,DROPDOWN,5. Eu gosto de ter autoridade sobre as pessoas.,,FALSE,"[""Selecione..."",""Sim"",""Não""]",,,,,,,,,,FALSE,
FORM-2026-0008,9,,DROPDOWN,6. Eu serei uma ótima pessoa.,,FALSE,"[""Selecione..."",""Sim"",""Não""]",,,,,,,,,,FALSE,
FORM-2026-0008,10,,DROPDOWN,7. Eu consigo fazer qualquer pessoa acreditar em qualquer coisa que eu queira.,,FALSE,"[""Selecione..."",""Sim"",""Não""]",,,,,,,,,,FALSE,
FORM-2026-0008,11,,DROPDOWN,8. Eu espero muito de outras pessoas.,,FALSE,"[""Selecione..."",""Sim"",""Não""]",,,,,,,,,,FALSE,
FORM-2026-0008,12,,DROPDOWN,9. Eu gosto de ser o centro das atenções.,,FALSE,"[""Selecione..."",""Sim"",""Não""]",,,,,,,,,,FALSE,
FORM-2026-0008,13,,DROPDOWN,10. Eu sou uma pessoa extraordinária.,,FALSE,"[""Selecione..."",""Sim"",""Não""]",,,,,,,,,,FALSE,
FORM-2026-0008,14,,DROPDOWN,11. Eu sempre sei o que estou fazendo.,,FALSE,"[""Selecione..."",""Sim"",""Não""]",,,,,,,,,,FALSE,
FORM-2026-0008,15,,DROPDOWN,12. Eu acho que é fácil manipular as pessoas.,,FALSE,"[""Selecione..."",""Sim"",""Não""]",,,,,,,,,,FALSE,
FORM-2026-0008,16,,DROPDOWN,13. As pessoas sempre parecem reconhecer minha autoridade.,,FALSE,"[""Selecione..."",""Sim"",""Não""]",,,,,,,,,,FALSE,
FORM-2026-0008,17,,DROPDOWN,14. Eu sei que sou bom/boa porque todos continuam me dizendo isso.,,FALSE,"[""Selecione..."",""Sim"",""Não""]",,,,,,,,,,FALSE,
FORM-2026-0008,18,,DROPDOWN,15. Estou apto(a) a me mostrar se tenho a chance.,,FALSE,"[""Selecione..."",""Sim"",""Não""]",,,,,,,,,,FALSE,
FORM-2026-0008,19,,DROPDOWN,16. Eu sou mais capaz do que as outras pessoas.,,FALSE,"[""Selecione..."",""Sim"",""Não""]",,,,,,,,,,FALSE,
FORM-2026-0008,20,,DROPDOWN,1. Eu me considero uma pessoa imprudente.,,FALSE,"[""Selecione..."",""0 — muito falso"",""1 — mais falso que verdadeiro"",""2 — mais verdadeiro que falso"",""3 — muito verdadeiro""]",,,,,,,,,,FALSE,
FORM-2026-0008,21,,DROPDOWN,2. Sinto que ajo totalmente por impulso.,,FALSE,"[""Selecione..."",""0 — muito falso"",""1 — mais falso que verdadeiro"",""2 — mais verdadeiro que falso"",""3 — muito verdadeiro""]",,,,,,,,,,FALSE,
FORM-2026-0008,22,,DROPDOWN,"3. Mesmo sabendo que não devia, não consigo parar de tomar decisões precipitadas.",,FALSE,"[""Selecione..."",""0 — muito falso"",""1 — mais falso que verdadeiro"",""2 — mais verdadeiro que falso"",""3 — muito verdadeiro""]",,,,,,,,,,FALSE,
FORM-2026-0008,23,,DROPDOWN,4. Frequentemente sinto que nada do que faço realmente importa.,,FALSE,"[""Selecione..."",""0 — muito falso"",""1 — mais falso que verdadeiro"",""2 — mais verdadeiro que falso"",""3 — muito verdadeiro""]",,,,,,,,,,FALSE,
FORM-2026-0008,24,,DROPDOWN,5. As outras pessoas me acham irresponsável.,,FALSE,"[""Selecione..."",""0 — muito falso"",""1 — mais falso que verdadeiro"",""2 — mais verdadeiro que falso"",""3 — muito verdadeiro""]",,,,,,,,,,FALSE,
FORM-2026-0008,25,,DROPDOWN,6. Não sou bom em planejar com antecedência.,,FALSE,"[""Selecione..."",""0 — muito falso"",""1 — mais falso que verdadeiro"",""2 — mais verdadeiro que falso"",""3 — muito verdadeiro""]",,,,,,,,,,FALSE,
FORM-2026-0008,26,,DROPDOWN,7. Minhas ideias frequentemente não fazem sentido para os outros.,,FALSE,"[""Selecione..."",""0 — muito falso"",""1 — mais falso que verdadeiro"",""2 — mais verdadeiro que falso"",""3 — muito verdadeiro""]",,,,,,,,,,FALSE,
FORM-2026-0008,27,,DROPDOWN,8. Eu me preocupo com quase tudo.,,FALSE,"[""Selecione..."",""0 — muito falso"",""1 — mais falso que verdadeiro"",""2 — mais verdadeiro que falso"",""3 — muito verdadeiro""]",,,,,,,,,,FALSE,
FORM-2026-0008,28,,DROPDOWN,"9. Fico emocionado(a) facilmente, muitas vezes por motivos insignificantes.",,FALSE,"[""Selecione..."",""0 — muito falso"",""1 — mais falso que verdadeiro"",""2 — mais verdadeiro que falso"",""3 — muito verdadeiro""]",,,,,,,,,,FALSE,
FORM-2026-0008,29,,DROPDOWN,10. Tenho mais medo do que tudo de ficar sozinho(a) na vida.,,FALSE,"[""Selecione..."",""0 — muito falso"",""1 — mais falso que verdadeiro"",""2 — mais verdadeiro que falso"",""3 — muito verdadeiro""]",,,,,,,,,,FALSE,
FORM-2026-0008,30,,DROPDOWN,"11. Fico preso(a) em uma única forma de fazer as coisas, mesmo quando é claro que não vai funcionar.",,FALSE,"[""Selecione..."",""0 — muito falso"",""1 — mais falso que verdadeiro"",""2 — mais verdadeiro que falso"",""3 — muito verdadeiro""]",,,,,,,,,,FALSE,
FORM-2026-0008,31,,DROPDOWN,"12. Já vi coisas que, na verdade, não estavam lá.",,FALSE,"[""Selecione..."",""0 — muito falso"",""1 — mais falso que verdadeiro"",""2 — mais verdadeiro que falso"",""3 — muito verdadeiro""]",,,,,,,,,,FALSE,
FORM-2026-0008,32,,DROPDOWN,13. Evito relacionamentos românticos.,,FALSE,"[""Selecione..."",""0 — muito falso"",""1 — mais falso que verdadeiro"",""2 — mais verdadeiro que falso"",""3 — muito verdadeiro""]",,,,,,,,,,FALSE,
FORM-2026-0008,33,,DROPDOWN,14. Não tenho interesse em fazer amizades.,,FALSE,"[""Selecione..."",""0 — muito falso"",""1 — mais falso que verdadeiro"",""2 — mais verdadeiro que falso"",""3 — muito verdadeiro""]",,,,,,,,,,FALSE,
FORM-2026-0008,34,,DROPDOWN,15. Irrito-me facilmente com qualquer coisa.,,FALSE,"[""Selecione..."",""0 — muito falso"",""1 — mais falso que verdadeiro"",""2 — mais verdadeiro que falso"",""3 — muito verdadeiro""]",,,,,,,,,,FALSE,
FORM-2026-0008,35,,DROPDOWN,16. Não gosto de ficar muito próximo(a) das pessoas.,,FALSE,"[""Selecione..."",""0 — muito falso"",""1 — mais falso que verdadeiro"",""2 — mais verdadeiro que falso"",""3 — muito verdadeiro""]",,,,,,,,,,FALSE,
FORM-2026-0008,36,,DROPDOWN,17. Não é grande coisa se eu magoar os sentimentos de outras pessoas.,,FALSE,"[""Selecione..."",""0 — muito falso"",""1 — mais falso que verdadeiro"",""2 — mais verdadeiro que falso"",""3 — muito verdadeiro""]",,,,,,,,,,FALSE,
FORM-2026-0008,37,,DROPDOWN,18. Raramente fico entusiasmado(a) com qualquer coisa.,,FALSE,"[""Selecione..."",""0 — muito falso"",""1 — mais falso que verdadeiro"",""2 — mais verdadeiro que falso"",""3 — muito verdadeiro""]",,,,,,,,,,FALSE,
FORM-2026-0008,38,,DROPDOWN,19. Desejo atenção dos outros.,,FALSE,"[""Selecione..."",""0 — muito falso"",""1 — mais falso que verdadeiro"",""2 — mais verdadeiro que falso"",""3 — muito verdadeiro""]",,,,,,,,,,FALSE,
FORM-2026-0008,39,,DROPDOWN,20. Frequentemente tenho que lidar com pessoas menos importantes do que eu.,,FALSE,"[""Selecione..."",""0 — muito falso"",""1 — mais falso que verdadeiro"",""2 — mais verdadeiro que falso"",""3 — muito verdadeiro""]",,,,,,,,,,FALSE,
FORM-2026-0008,40,,DROPDOWN,"21. Frequentemente tenho pensamentos que fazem sentido para mim, mas que outras pessoas consideram estranhos.",,FALSE,"[""Selecione..."",""0 — muito falso"",""1 — mais falso que verdadeiro"",""2 — mais verdadeiro que falso"",""3 — muito verdadeiro""]",,,,,,,,,,FALSE,
FORM-2026-0008,41,,DROPDOWN,22. Uso as pessoas para conseguir o que quero.,,FALSE,"[""Selecione..."",""0 — muito falso"",""1 — mais falso que verdadeiro"",""2 — mais verdadeiro que falso"",""3 — muito verdadeiro""]",,,,,,,,,,FALSE,
FORM-2026-0008,42,,DROPDOWN,23. Às vezes “desligo-me” e de repente percebo que muito tempo se passou.,,FALSE,"[""Selecione..."",""0 — muito falso"",""1 — mais falso que verdadeiro"",""2 — mais verdadeiro que falso"",""3 — muito verdadeiro""]",,,,,,,,,,FALSE,
FORM-2026-0008,43,,DROPDOWN,24. As coisas ao meu redor frequentemente parecem irreais ou mais reais do que o habitual.,,FALSE,"[""Selecione..."",""0 — muito falso"",""1 — mais falso que verdadeiro"",""2 — mais verdadeiro que falso"",""3 — muito verdadeiro""]",,,,,,,,,,FALSE,
FORM-2026-0008,44,,DROPDOWN,25. É fácil para mim tirar vantagem das outras pessoas.,,FALSE,"[""Selecione..."",""0 — muito falso"",""1 — mais falso que verdadeiro"",""2 — mais verdadeiro que falso"",""3 — muito verdadeiro""]",,,,,,,,,,FALSE,
FORM-2026-0008,45,,DROPDOWN,1. Sou extremamente ambicioso(a).,,FALSE,"[""Selecione..."",""1 — discordo totalmente"",""2"",""3"",""4"",""5 — concordo totalmente""]",,,,,,,,,,FALSE,
FORM-2026-0008,46,,DROPDOWN,"2. As pessoas dizem que eu me gabo demais, mas tudo o que digo é verdade.",,FALSE,"[""Selecione..."",""1 — discordo totalmente"",""2"",""3"",""4"",""5 — concordo totalmente""]",,,,,,,,,,FALSE,
FORM-2026-0008,47,,DROPDOWN,3. Liderança vem naturalmente para mim.,,FALSE,"[""Selecione..."",""1 — discordo totalmente"",""2"",""3"",""4"",""5 — concordo totalmente""]",,,,,,,,,,FALSE,
FORM-2026-0008,48,,DROPDOWN,"4. Quando alguém faz algo de bom por mim, eu me pergunto o que aquela pessoa quer de mim.",,FALSE,"[""Selecione..."",""1 — discordo totalmente"",""2"",""3"",""4"",""5 — concordo totalmente""]",,,,,,,,,,FALSE,
FORM-2026-0008,49,,DROPDOWN,5. Eu mereço receber tratamento especial.,,FALSE,"[""Selecione..."",""1 — discordo totalmente"",""2"",""3"",""4"",""5 — concordo totalmente""]",,,,,,,,,,FALSE,
FORM-2026-0008,50,,DROPDOWN,6. Eu me divirto muito entretendo outras pessoas.,,FALSE,"[""Selecione..."",""1 — discordo totalmente"",""2"",""3"",""4"",""5 — concordo totalmente""]",,,,,,,,,,FALSE,
FORM-2026-0008,51,,DROPDOWN,7. É aceitável tirar vantagem das pessoas para conseguir o que quero.,,FALSE,"[""Selecione..."",""1 — discordo totalmente"",""2"",""3"",""4"",""5 — concordo totalmente""]",,,,,,,,,,FALSE,
FORM-2026-0008,52,,DROPDOWN,8. Costumo fantasiar que um dia serei famoso(a).,,FALSE,"[""Selecione..."",""1 — discordo totalmente"",""2"",""3"",""4"",""5 — concordo totalmente""]",,,,,,,,,,FALSE,
FORM-2026-0008,53,,DROPDOWN,"9. Quando me julgam, simplesmente não me importo.",,FALSE,"[""Selecione..."",""1 — discordo totalmente"",""2"",""3"",""4"",""5 — concordo totalmente""]",,,,,,,,,,FALSE,
FORM-2026-0008,54,,DROPDOWN,10. Eu não me preocupo com as necessidades dos outros.,,FALSE,"[""Selecione..."",""1 — discordo totalmente"",""2"",""3"",""4"",""5 — concordo totalmente""]",,,,,,,,,,FALSE,
FORM-2026-0008,55,,DROPDOWN,11. Sou muito bom(a) em manipular as pessoas.,,FALSE,"[""Selecione..."",""1 — discordo totalmente"",""2"",""3"",""4"",""5 — concordo totalmente""]",,,,,,,,,,FALSE,
FORM-2026-0008,56,,DROPDOWN,12. Sinto frequentemente que preciso de elogios para ter certeza de mim mesmo(a).,,FALSE,"[""Selecione..."",""1 — discordo totalmente"",""2"",""3"",""4"",""5 — concordo totalmente""]",,,,,,,,,,FALSE,
FORM-2026-0008,57,,DROPDOWN,13. Eu odeio ser criticado(a) tanto que não consigo controlar meu temperamento quando isso acontece.,,FALSE,"[""Selecione..."",""1 — discordo totalmente"",""2"",""3"",""4"",""5 — concordo totalmente""]",,,,,,,,,,FALSE,
FORM-2026-0008,58,,DROPDOWN,"14. Quando percebo que falhei em algo, eu me sinto humilhado(a).",,FALSE,"[""Selecione..."",""1 — discordo totalmente"",""2"",""3"",""4"",""5 — concordo totalmente""]",,,,,,,,,,FALSE,
FORM-2026-0008,59,,DROPDOWN,15. Faria quase qualquer coisa para sentir uma boa dose de emoção (adrenalina).,,FALSE,"[""Selecione..."",""1 — discordo totalmente"",""2"",""3"",""4"",""5 — concordo totalmente""]",,,,,,,,,,FALSE,
FORM-2026-0008,60,,DROPDOWN,16. Tenho um enorme desejo de ter sucesso.,,FALSE,"[""Selecione..."",""1 — discordo totalmente"",""2"",""3"",""4"",""5 — concordo totalmente""]",,,,,,,,,,FALSE,
FORM-2026-0008,61,,DROPDOWN,17. Só convivo com pessoas do meu nível.,,FALSE,"[""Selecione..."",""1 — discordo totalmente"",""2"",""3"",""4"",""5 — concordo totalmente""]",,,,,,,,,,FALSE,
FORM-2026-0008,62,,DROPDOWN,18. Sinto-me confortável em assumir posições de autoridade.,,FALSE,"[""Selecione..."",""1 — discordo totalmente"",""2"",""3"",""4"",""5 — concordo totalmente""]",,,,,,,,,,FALSE,
FORM-2026-0008,63,,DROPDOWN,19. Confio que as outras pessoas serão honestas comigo.,,FALSE,"[""Selecione..."",""1 — discordo totalmente"",""2"",""3"",""4"",""5 — concordo totalmente""]",,,,,,,,,,FALSE,
FORM-2026-0008,64,,DROPDOWN,20. Não acho que as regras valham para mim tanto quanto para os outros.,,FALSE,"[""Selecione..."",""1 — discordo totalmente"",""2"",""3"",""4"",""5 — concordo totalmente""]",,,,,,,,,,FALSE,
FORM-2026-0008,65,,DROPDOWN,21. Eu gosto de ser notado(a) pelas outras pessoas.,,FALSE,"[""Selecione..."",""1 — discordo totalmente"",""2"",""3"",""4"",""5 — concordo totalmente""]",,,,,,,,,,FALSE,
FORM-2026-0008,66,,DROPDOWN,22. Vou usar pessoas como ferramentas para me promover.,,FALSE,"[""Selecione..."",""1 — discordo totalmente"",""2"",""3"",""4"",""5 — concordo totalmente""]",,,,,,,,,,FALSE,
FORM-2026-0008,67,,DROPDOWN,23. Frequentemente fantasio em ter muito sucesso e poder.,,FALSE,"[""Selecione..."",""1 — discordo totalmente"",""2"",""3"",""4"",""5 — concordo totalmente""]",,,,,,,,,,FALSE,
FORM-2026-0008,68,,DROPDOWN,24. Não ligo muito para o que os outros pensam de mim.,,FALSE,"[""Selecione..."",""1 — discordo totalmente"",""2"",""3"",""4"",""5 — concordo totalmente""]",,,,,,,,,,FALSE,
FORM-2026-0008,69,,DROPDOWN,25. Geralmente não presto muita atenção aos sofrimentos alheios.,,FALSE,"[""Selecione..."",""1 — discordo totalmente"",""2"",""3"",""4"",""5 — concordo totalmente""]",,,,,,,,,,FALSE,
FORM-2026-0008,70,,DROPDOWN,26. Sei como fazer as pessoas fazerem o que eu quero.,,FALSE,"[""Selecione..."",""1 — discordo totalmente"",""2"",""3"",""4"",""5 — concordo totalmente""]",,,,,,,,,,FALSE,
FORM-2026-0008,71,,DROPDOWN,27. Sou estável em meu senso de identidade (sei quem sou).,,FALSE,"[""Selecione..."",""1 — discordo totalmente"",""2"",""3"",""4"",""5 — concordo totalmente""]",,,,,,,,,,FALSE,
FORM-2026-0008,72,,DROPDOWN,28. Já perdi o controle e fiquei furioso(a) quando não fui tratado(a) da forma que considero justa.,,FALSE,"[""Selecione..."",""1 — discordo totalmente"",""2"",""3"",""4"",""5 — concordo totalmente""]",,,,,,,,,,FALSE,
FORM-2026-0008,73,,DROPDOWN,29. Sinto-me horrível quando sou humilhado(a) em público.,,FALSE,"[""Selecione..."",""1 — discordo totalmente"",""2"",""3"",""4"",""5 — concordo totalmente""]",,,,,,,,,,FALSE,
FORM-2026-0008,74,,DROPDOWN,30. Sou um pouco destemido(a).,,FALSE,"[""Selecione..."",""1 — discordo totalmente"",""2"",""3"",""4"",""5 — concordo totalmente""]",,,,,,,,,,FALSE,
FORM-2026-0008,75,,DROPDOWN,31. Aspiro ser uma pessoa grandiosa.,,FALSE,"[""Selecione..."",""1 — discordo totalmente"",""2"",""3"",""4"",""5 — concordo totalmente""]",,,,,,,,,,FALSE,
FORM-2026-0008,76,,DROPDOWN,32. Não perco tempo convivendo com pessoas que considero “inferiores”.,,FALSE,"[""Selecione..."",""1 — discordo totalmente"",""2"",""3"",""4"",""5 — concordo totalmente""]",,,,,,,,,,FALSE,
FORM-2026-0008,77,,DROPDOWN,33. As pessoas geralmente seguem minha liderança naturalmente.,,FALSE,"[""Selecione..."",""1 — discordo totalmente"",""2"",""3"",""4"",""5 — concordo totalmente""]",,,,,,,,,,FALSE,
FORM-2026-0008,78,,DROPDOWN,34. Tenho dificuldade em confiar nas pessoas.,,FALSE,"[""Selecione..."",""1 — discordo totalmente"",""2"",""3"",""4"",""5 — concordo totalmente""]",,,,,,,,,,FALSE,
FORM-2026-0008,79,,DROPDOWN,"35. Por mais que pareça injusto, mereço atenção extra.",,FALSE,"[""Selecione..."",""1 — discordo totalmente"",""2"",""3"",""4"",""5 — concordo totalmente""]",,,,,,,,,,FALSE,
FORM-2026-0008,80,,DROPDOWN,36. Adoro ser a pessoa mais popular numa festa.,,FALSE,"[""Selecione..."",""1 — discordo totalmente"",""2"",""3"",""4"",""5 — concordo totalmente""]",,,,,,,,,,FALSE,
FORM-2026-0008,81,,DROPDOWN,"37. Às vezes, para ter sucesso, é preciso usar outras pessoas.",,FALSE,"[""Selecione..."",""1 — discordo totalmente"",""2"",""3"",""4"",""5 — concordo totalmente""]",,,,,,,,,,FALSE,
FORM-2026-0008,82,,DROPDOWN,38. Raramente fantasio em me tornar famoso(a).,,FALSE,"[""Selecione..."",""1 — discordo totalmente"",""2"",""3"",""4"",""5 — concordo totalmente""]",,,,,,,,,,FALSE,
FORM-2026-0008,83,,DROPDOWN,39. Sou bem indiferente às críticas dos outros.,,FALSE,"[""Selecione..."",""1 — discordo totalmente"",""2"",""3"",""4"",""5 — concordo totalmente""]",,,,,,,,,,FALSE,
FORM-2026-0008,84,,DROPDOWN,40. Não valorizo muito demonstrações de compaixão ou simpatia.,,FALSE,"[""Selecione..."",""1 — discordo totalmente"",""2"",""3"",""4"",""5 — concordo totalmente""]",,,,,,,,,,FALSE,
FORM-2026-0008,85,,DROPDOWN,41. Sei como falar para conseguir o que quero.,,FALSE,"[""Selecione..."",""1 — discordo totalmente"",""2"",""3"",""4"",""5 — concordo totalmente""]",,,,,,,,,,FALSE,
FORM-2026-0008,86,,DROPDOWN,42. Sinto-me muito inseguro(a) sobre alcançar algo importante na vida.,,FALSE,"[""Selecione..."",""1 — discordo totalmente"",""2"",""3"",""4"",""5 — concordo totalmente""]",,,,,,,,,,FALSE,
FORM-2026-0008,87,,DROPDOWN,43. Fico com muita raiva quando não recebo o que considero merecer.,,FALSE,"[""Selecione..."",""1 — discordo totalmente"",""2"",""3"",""4"",""5 — concordo totalmente""]",,,,,,,,,,FALSE,
FORM-2026-0008,88,,DROPDOWN,44. Sinto-me envergonhado(a) quando cometo um erro na frente dos outros.,,FALSE,"[""Selecione..."",""1 — discordo totalmente"",""2"",""3"",""4"",""5 — concordo totalmente""]",,,,,,,,,,FALSE,
FORM-2026-0008,89,,DROPDOWN,45. Arriscaria me machucar para fazer algo emocionante.,,FALSE,"[""Selecione..."",""1 — discordo totalmente"",""2"",""3"",""4"",""5 — concordo totalmente""]",,,,,,,,,,FALSE,
FORM-2026-0008,90,,DROPDOWN,46. Sou determinado(a) a ter sucesso.,,FALSE,"[""Selecione..."",""1 — discordo totalmente"",""2"",""3"",""4"",""5 — concordo totalmente""]",,,,,,,,,,FALSE,
FORM-2026-0008,91,,DROPDOWN,47. Sou uma pessoa superior.,,FALSE,"[""Selecione..."",""1 — discordo totalmente"",""2"",""3"",""4"",""5 — concordo totalmente""]",,,,,,,,,,FALSE,
FORM-2026-0008,92,,DROPDOWN,48. Assumo o controle na maioria das situações.,,FALSE,"[""Selecione..."",""1 — discordo totalmente"",""2"",""3"",""4"",""5 — concordo totalmente""]",,,,,,,,,,FALSE,
FORM-2026-0008,93,,DROPDOWN,49. Frequentemente suspeito que as pessoas não me contam toda a verdade.,,FALSE,"[""Selecione..."",""1 — discordo totalmente"",""2"",""3"",""4"",""5 — concordo totalmente""]",,,,,,,,,,FALSE,
FORM-2026-0008,94,,DROPDOWN,50. Acredito que tenho direito a condições especiais.,,FALSE,"[""Selecione..."",""1 — discordo totalmente"",""2"",""3"",""4"",""5 — concordo totalmente""]",,,,,,,,,,FALSE,
FORM-2026-0008,95,,DROPDOWN,51. Adoro entreter as pessoas.,,FALSE,"[""Selecione..."",""1 — discordo totalmente"",""2"",""3"",""4"",""5 — concordo totalmente""]",,,,,,,,,,FALSE,
FORM-2026-0008,96,,DROPDOWN,52. Estou disposto(a) a me aproveitar dos outros para atingir meus objetivos.,,FALSE,"[""Selecione..."",""1 — discordo totalmente"",""2"",""3"",""4"",""5 — concordo totalmente""]",,,,,,,,,,FALSE,
FORM-2026-0008,97,,DROPDOWN,53. Algum dia acredito que a maioria das pessoas saberá meu nome.,,FALSE,"[""Selecione..."",""1 — discordo totalmente"",""2"",""3"",""4"",""5 — concordo totalmente""]",,,,,,,,,,FALSE,
FORM-2026-0008,98,,DROPDOWN,54. A opinião dos outros sobre mim me importa pouco.,,FALSE,"[""Selecione..."",""1 — discordo totalmente"",""2"",""3"",""4"",""5 — concordo totalmente""]",,,,,,,,,,FALSE,
FORM-2026-0008,99,,DROPDOWN,55. Não me abalo com o sofrimento dos outros.,,FALSE,"[""Selecione..."",""1 — discordo totalmente"",""2"",""3"",""4"",""5 — concordo totalmente""]",,,,,,,,,,FALSE,
FORM-2026-0008,100,,DROPDOWN,56. É fácil conseguir que as pessoas façam o que eu quero.,,FALSE,"[""Selecione..."",""1 — discordo totalmente"",""2"",""3"",""4"",""5 — concordo totalmente""]",,,,,,,,,,FALSE,
FORM-2026-0008,101,,DROPDOWN,57. Queria não me importar tanto com o que os outros pensam de mim.,,FALSE,"[""Selecione..."",""1 — discordo totalmente"",""2"",""3"",""4"",""5 — concordo totalmente""]",,,,,,,,,,FALSE,
FORM-2026-0008,102,,DROPDOWN,58. Fico furioso(a) quando as pessoas me desrespeitam.,,FALSE,"[""Selecione..."",""1 — discordo totalmente"",""2"",""3"",""4"",""5 — concordo totalmente""]",,,,,,,,,,FALSE,
FORM-2026-0008,103,,DROPDOWN,59. Sinto vergonha quando cometo um erro na frente dos outros.,,FALSE,"[""Selecione..."",""1 — discordo totalmente"",""2"",""3"",""4"",""5 — concordo totalmente""]",,,,,,,,,,FALSE,
FORM-2026-0008,104,,DROPDOWN,60. Gosto de fazer coisas arriscadas ou perigosas.,,FALSE,"[""Selecione..."",""1 — discordo totalmente"",""2"",""3"",""4"",""5 — concordo totalmente""]",,,,,,,,,,FALSE,
FORM-2026-0008,105,,DROPDOWN,1. Sinto que sou mais importante do que os outros e que mereço reconhecimento especial.,,FALSE,"[""Selecione..."",""Sim"",""Não""]",,,,,,,,,,FALSE,
FORM-2026-0008,106,,DROPDOWN,"2. Passo muito tempo fantasiando sucesso, poder, brilho, beleza ou um amor ideal.",,FALSE,"[""Selecione..."",""Sim"",""Não""]",,,,,,,,,,FALSE,
FORM-2026-0008,107,,DROPDOWN,3. Acredito que sou uma pessoa especial e que só pessoas especiais realmente me entendem.,,FALSE,"[""Selecione..."",""Sim"",""Não""]",,,,,,,,,,FALSE,
FORM-2026-0008,108,,DROPDOWN,4. Preciso de muitos elogios e admiração para me sentir bem.,,FALSE,"[""Selecione..."",""Sim"",""Não""]",,,,,,,,,,FALSE,
FORM-2026-0008,109,,DROPDOWN,5. Espero tratamento especial e que os outros façam o que eu quero.,,FALSE,"[""Selecione..."",""Sim"",""Não""]",,,,,,,,,,FALSE,
FORM-2026-0008,110,,DROPDOWN,6. Uso outras pessoas para alcançar meus objetivos.,,FALSE,"[""Selecione..."",""Sim"",""Não""]",,,,,,,,,,FALSE,
FORM-2026-0008,111,,DROPDOWN,7. Tenho dificuldade em reconhecer e considerar os sentimentos e necessidades dos outros.,,FALSE,"[""Selecione..."",""Sim"",""Não""]",,,,,,,,,,FALSE,
FORM-2026-0008,112,,DROPDOWN,8. Frequentemente sinto inveja dos outros ou penso que eles sentem inveja de mim.,,FALSE,"[""Selecione..."",""Sim"",""Não""]",,,,,,,,,,FALSE,
FORM-2026-0008,113,,DROPDOWN,9. Frequentemente ajo de forma arrogante ou superior.,,FALSE,"[""Selecione..."",""Sim"",""Não""]",,,,,,,,,,FALSE,
FORM-2026-0008,114,,DROPDOWN,"10. Esses padrões aparecem em diferentes contextos da minha vida (trabalho/estudos, família, amizades) e se mantêm ao longo do tempo.",,FALSE,"[""Selecione..."",""Sim"",""Não""]",,,,,,,,,,FALSE,
FORM-2026-0008,115,,DROPDOWN,"11. Esses padrões causam prejuízo significativo na minha vida (por exemplo, conflitos, perdas de vínculo, dificuldades no trabalho/estudos).",,FALSE,"[""Selecione..."",""Sim"",""Não""]",,,,,,,,,,FALSE,
FORM-2026-0009,1,,TEXT,Nome completo,Identificação para vínculo clínico.,TRUE,,,,,,,,,,,,FALSE,
FORM-2026-0009,2,,DATE,Data de nascimento,,TRUE,,,,,,,,,,,,FALSE,
FORM-2026-0009,3,,DATE,Data de aplicação do rastreio,,TRUE,,,,,,,,,,,,FALSE,
FORM-2026-0009,4,,DROPDOWN,1. Eu planejo tarefas cuidadosamente.*,,FALSE,"[""Raramente ou nunca"",""De vez em quando"",""Com frequência"",""Quase sempre/ sempre""]",,,,,,,,,,FALSE,
FORM-2026-0009,5,,DROPDOWN,2. Eu faço coisas sem pensar.,,FALSE,"[""Raramente ou nunca"",""De vez em quando"",""Com frequência"",""Quase sempre/ sempre""]",,,,,,,,,,FALSE,
FORM-2026-0009,6,,DROPDOWN,3. Eu tomo decisões rapidamente.,,FALSE,"[""Raramente ou nunca"",""De vez em quando"",""Com frequência"",""Quase sempre/ sempre""]",,,,,,,,,,FALSE,
FORM-2026-0009,7,,DROPDOWN,"4. Eu sou despreocupado (confio na sorte, ""desencanado"").",,FALSE,"[""Raramente ou nunca"",""De vez em quando"",""Com frequência"",""Quase sempre/ sempre""]",,,,,,,,,,FALSE,
FORM-2026-0009,8,,DROPDOWN,5. Eu não presto atenção.,,FALSE,"[""Raramente ou nunca"",""De vez em quando"",""Com frequência"",""Quase sempre/ sempre""]",,,,,,,,,,FALSE,
FORM-2026-0009,9,,DROPDOWN,6. Eu tenho pensamentos que se atropelam.,,FALSE,"[""Raramente ou nunca"",""De vez em quando"",""Com frequência"",""Quase sempre/ sempre""]",,,,,,,,,,FALSE,
FORM-2026-0009,10,,DROPDOWN,7. Eu planejo viagens com bastante antecedência.*,,FALSE,"[""Raramente ou nunca"",""De vez em quando"",""Com frequência"",""Quase sempre/ sempre""]",,,,,,,,,,FALSE,
FORM-2026-0009,11,,DROPDOWN,8. Eu tenho autocontrole.*,,FALSE,"[""Raramente ou nunca"",""De vez em quando"",""Com frequência"",""Quase sempre/ sempre""]",,,,,,,,,,FALSE,
FORM-2026-0009,12,,DROPDOWN,9. Eu me concentro facilmente.*,,FALSE,"[""Raramente ou nunca"",""De vez em quando"",""Com frequência"",""Quase sempre/ sempre""]",,,,,,,,,,FALSE,
FORM-2026-0009,13,,DROPDOWN,10. Eu economizo (poupo) regularmente.*,,FALSE,"[""Raramente ou nunca"",""De vez em quando"",""Com frequência"",""Quase sempre/ sempre""]",,,,,,,,,,FALSE,
FORM-2026-0009,14,,DROPDOWN,11. Eu fico me contorcendo na cadeira em peças de teatro ou palestras.,,FALSE,"[""Raramente ou nunca"",""De vez em quando"",""Com frequência"",""Quase sempre/ sempre""]",,,,,,,,,,FALSE,
FORM-2026-0009,15,,DROPDOWN,12. Eu penso nas coisas com cuidado.*,,FALSE,"[""Raramente ou nunca"",""De vez em quando"",""Com frequência"",""Quase sempre/ sempre""]",,,,,,,,,,FALSE,
FORM-2026-0009,16,,DROPDOWN,13. Eu faço planos para me manter no emprego (eu cuido para não perder meu emprego).*,,FALSE,"[""Raramente ou nunca"",""De vez em quando"",""Com frequência"",""Quase sempre/ sempre""]",,,,,,,,,,FALSE,
FORM-2026-0009,17,,DROPDOWN,14. Eu falo coisas sem pensar.,,FALSE,"[""Raramente ou nunca"",""De vez em quando"",""Com frequência"",""Quase sempre/ sempre""]",,,,,,,,,,FALSE,
FORM-2026-0009,18,,DROPDOWN,15. Eu gosto de pensar em problemas complexos.*,,FALSE,"[""Raramente ou nunca"",""De vez em quando"",""Com frequência"",""Quase sempre/ sempre""]",,,,,,,,,,FALSE,
FORM-2026-0009,19,,DROPDOWN,16. Eu troco de emprego.,,FALSE,"[""Raramente ou nunca"",""De vez em quando"",""Com frequência"",""Quase sempre/ sempre""]",,,,,,,,,,FALSE,
FORM-2026-0009,20,,DROPDOWN,17. Eu ajo por impulso.,,FALSE,"[""Raramente ou nunca"",""De vez em quando"",""Com frequência"",""Quase sempre/ sempre""]",,,,,,,,,,FALSE,
FORM-2026-0009,21,,DROPDOWN,18. Eu fico entediado com facilidade quando estou resolvendo problemas mentalmente.,,FALSE,"[""Raramente ou nunca"",""De vez em quando"",""Com frequência"",""Quase sempre/ sempre""]",,,,,,,,,,FALSE,
FORM-2026-0009,22,,DROPDOWN,19. Eu ajo no “calor do momento”.,,FALSE,"[""Raramente ou nunca"",""De vez em quando"",""Com frequência"",""Quase sempre/ sempre""]",,,,,,,,,,FALSE,
FORM-2026-0009,23,,DROPDOWN,20. Eu mantenho a linha de raciocínio (“não perco o fio da meada”).*,,FALSE,"[""Raramente ou nunca"",""De vez em quando"",""Com frequência"",""Quase sempre/ sempre""]",,,,,,,,,,FALSE,
FORM-2026-0009,24,,DROPDOWN,21. Eu troco de casa (residência).,,FALSE,"[""Raramente ou nunca"",""De vez em quando"",""Com frequência"",""Quase sempre/ sempre""]",,,,,,,,,,FALSE,
FORM-2026-0009,25,,DROPDOWN,22. Eu compro coisas por impulso.,,FALSE,"[""Raramente ou nunca"",""De vez em quando"",""Com frequência"",""Quase sempre/ sempre""]",,,,,,,,,,FALSE,
FORM-2026-0009,26,,DROPDOWN,23. Eu só consigo pensar em uma coisa de cada vez.,,FALSE,"[""Raramente ou nunca"",""De vez em quando"",""Com frequência"",""Quase sempre/ sempre""]",,,,,,,,,,FALSE,
FORM-2026-0009,27,,DROPDOWN,24. Eu troco de interesses e passatempos (“hobby”).,,FALSE,"[""Raramente ou nunca"",""De vez em quando"",""Com frequência"",""Quase sempre/ sempre""]",,,,,,,,,,FALSE,
FORM-2026-0009,28,,DROPDOWN,25. Eu gasto ou compro à prestação mais do que ganho.,,FALSE,"[""Raramente ou nunca"",""De vez em quando"",""Com frequência"",""Quase sempre/ sempre""]",,,,,,,,,,FALSE,
FORM-2026-0009,29,,DROPDOWN,"26. Enquanto estou pensando em uma coisa, é comum que outras ideias me venham à cabeça ou ao mesmo tempo.",,FALSE,"[""Raramente ou nunca"",""De vez em quando"",""Com frequência"",""Quase sempre/ sempre""]",,,,,,,,,,FALSE,
FORM-2026-0009,30,,DROPDOWN,27. Eu tenho mais interesse no presente do que no futuro.,,FALSE,"[""Raramente ou nunca"",""De vez em quando"",""Com frequência"",""Quase sempre/ sempre""]",,,,,,,,,,FALSE,
FORM-2026-0009,31,,DROPDOWN,28. Eu me sinto inquieto em palestras ou aulas.,,FALSE,"[""Raramente ou nunca"",""De vez em quando"",""Com frequência"",""Quase sempre/ sempre""]",,,,,,,,,,FALSE,
FORM-2026-0009,32,,DROPDOWN,29. Eu gosto de jogos ou desafios mentais.*,,FALSE,"[""Raramente ou nunca"",""De vez em quando"",""Com frequência"",""Quase sempre/ sempre""]",,,,,,,,,,FALSE,
FORM-2026-0009,33,,DROPDOWN,30. Eu me preparo para o futuro.*,,FALSE,"[""Raramente ou nunca"",""De vez em quando"",""Com frequência"",""Quase sempre/ sempre""]",,,,,,,,,,FALSE,
FORM-2026-0010,1,,TEXT,Nome completo,Identificação para vínculo clínico.,TRUE,,,,,,,,,,,,FALSE,
FORM-2026-0010,2,,DATE,Data de nascimento,,TRUE,,,,,,,,,,,,FALSE,
FORM-2026-0010,3,,DATE,Data de aplicação do rastreio,,TRUE,,,,,,,,,,,,FALSE,
FORM-2026-0010,4,,MULTIPLE_CHOICE,"1. Costumo sentir que, nas minhas relações mais importantes, falta carinho ou acolhimento emocional.",,TRUE,"[""Completamente falso sobre mim"",""Em grande parte falso sobre mim"",""Mais falso do que verdadeiro"",""Mais verdadeiro do que falso"",""Em grande parte verdadeiro sobre mim"",""Completamente verdadeiro sobre mim""]",,,,,,,,,,FALSE,
FORM-2026-0010,5,,MULTIPLE_CHOICE,"2. Mesmo quando estou perto de alguém, frequentemente me sinto emocionalmente sozinho(a).",,TRUE,"[""Completamente falso sobre mim"",""Em grande parte falso sobre mim"",""Mais falso do que verdadeiro"",""Mais verdadeiro do que falso"",""Em grande parte verdadeiro sobre mim"",""Completamente verdadeiro sobre mim""]",,,,,,,,,,FALSE,
FORM-2026-0010,6,,MULTIPLE_CHOICE,3. Evito pedir apoio emocional porque penso que vou incomodar ou não serei compreendido(a).,,TRUE,"[""Completamente falso sobre mim"",""Em grande parte falso sobre mim"",""Mais falso do que verdadeiro"",""Mais verdadeiro do que falso"",""Em grande parte verdadeiro sobre mim"",""Completamente verdadeiro sobre mim""]",,,,,,,,,,FALSE,
FORM-2026-0010,7,,MULTIPLE_CHOICE,"4. Para não sentir falta de cuidado, muitas vezes me afasto em silêncio ou finjo que está tudo bem.",,TRUE,"[""Completamente falso sobre mim"",""Em grande parte falso sobre mim"",""Mais falso do que verdadeiro"",""Mais verdadeiro do que falso"",""Em grande parte verdadeiro sobre mim"",""Completamente verdadeiro sobre mim""]",,,,,,,,,,FALSE,
FORM-2026-0010,8,,MULTIPLE_CHOICE,"5. Às vezes ajo como se não precisasse de ninguém, para não mostrar que me sinto carente de afeto.",,TRUE,"[""Completamente falso sobre mim"",""Em grande parte falso sobre mim"",""Mais falso do que verdadeiro"",""Mais verdadeiro do que falso"",""Em grande parte verdadeiro sobre mim"",""Completamente verdadeiro sobre mim""]",,,,,,,,,,FALSE,
FORM-2026-0010,9,,MULTIPLE_CHOICE,"6. Costumo me orgulhar de ser “forte” e autossuficiente, mesmo quando por dentro sinto carência emocional.",,TRUE,"[""Completamente falso sobre mim"",""Em grande parte falso sobre mim"",""Mais falso do que verdadeiro"",""Mais verdadeiro do que falso"",""Em grande parte verdadeiro sobre mim"",""Completamente verdadeiro sobre mim""]",,,,,,,,,,FALSE,
FORM-2026-0010,10,,MULTIPLE_CHOICE,7. Tenho medo constante de que as pessoas de quem mais dependo acabem se afastando de mim.,,TRUE,"[""Completamente falso sobre mim"",""Em grande parte falso sobre mim"",""Mais falso do que verdadeiro"",""Mais verdadeiro do que falso"",""Em grande parte verdadeiro sobre mim"",""Completamente verdadeiro sobre mim""]",,,,,,,,,,FALSE,
FORM-2026-0010,11,,MULTIPLE_CHOICE,"8. Quando alguém se distancia ou demora a responder, fico inseguro(a) sobre o quanto ainda se importa comigo.",,TRUE,"[""Completamente falso sobre mim"",""Em grande parte falso sobre mim"",""Mais falso do que verdadeiro"",""Mais verdadeiro do que falso"",""Em grande parte verdadeiro sobre mim"",""Completamente verdadeiro sobre mim""]",,,,,,,,,,FALSE,
FORM-2026-0010,12,,MULTIPLE_CHOICE,9. Evito me apegar demais às pessoas para não sofrer se elas forem embora.,,TRUE,"[""Completamente falso sobre mim"",""Em grande parte falso sobre mim"",""Mais falso do que verdadeiro"",""Mais verdadeiro do que falso"",""Em grande parte verdadeiro sobre mim"",""Completamente verdadeiro sobre mim""]",,,,,,,,,,FALSE,
FORM-2026-0010,13,,MULTIPLE_CHOICE,10. Às vezes me afasto primeiro ou termino vínculos para não correr o risco de ser abandonado(a).,,TRUE,"[""Completamente falso sobre mim"",""Em grande parte falso sobre mim"",""Mais falso do que verdadeiro"",""Mais verdadeiro do que falso"",""Em grande parte verdadeiro sobre mim"",""Completamente verdadeiro sobre mim""]",,,,,,,,,,FALSE,
FORM-2026-0010,14,,MULTIPLE_CHOICE,11. Posso ficar controlador(a) ou ciumento(a) para garantir que as pessoas importantes continuem por perto.,,TRUE,"[""Completamente falso sobre mim"",""Em grande parte falso sobre mim"",""Mais falso do que verdadeiro"",""Mais verdadeiro do que falso"",""Em grande parte verdadeiro sobre mim"",""Completamente verdadeiro sobre mim""]",,,,,,,,,,FALSE,
FORM-2026-0010,15,,MULTIPLE_CHOICE,"12. Costumo testar o quanto alguém gosta de mim, criando situações para ver se a pessoa continua comigo.",,TRUE,"[""Completamente falso sobre mim"",""Em grande parte falso sobre mim"",""Mais falso do que verdadeiro"",""Mais verdadeiro do que falso"",""Em grande parte verdadeiro sobre mim"",""Completamente verdadeiro sobre mim""]",,,,,,,,,,FALSE,
FORM-2026-0010,16,,MULTIPLE_CHOICE,13. É difícil acreditar que as pessoas não vão se aproveitar de mim se eu me abrir demais.,,TRUE,"[""Completamente falso sobre mim"",""Em grande parte falso sobre mim"",""Mais falso do que verdadeiro"",""Mais verdadeiro do que falso"",""Em grande parte verdadeiro sobre mim"",""Completamente verdadeiro sobre mim""]",,,,,,,,,,FALSE,
FORM-2026-0010,17,,MULTIPLE_CHOICE,14. Com frequência imagino que há intenções ocultas ou segundas intenções no comportamento dos outros.,,TRUE,"[""Completamente falso sobre mim"",""Em grande parte falso sobre mim"",""Mais falso do que verdadeiro"",""Mais verdadeiro do que falso"",""Em grande parte verdadeiro sobre mim"",""Completamente verdadeiro sobre mim""]",,,,,,,,,,FALSE,
FORM-2026-0010,18,,MULTIPLE_CHOICE,15. Evito falar de assuntos pessoais porque temo que isso seja usado contra mim no futuro.,,TRUE,"[""Completamente falso sobre mim"",""Em grande parte falso sobre mim"",""Mais falso do que verdadeiro"",""Mais verdadeiro do que falso"",""Em grande parte verdadeiro sobre mim"",""Completamente verdadeiro sobre mim""]",,,,,,,,,,FALSE,
FORM-2026-0010,19,,MULTIPLE_CHOICE,16. Prefiro manter distância emocional para não correr o risco de ser enganado(a) ou humilhado(a).,,TRUE,"[""Completamente falso sobre mim"",""Em grande parte falso sobre mim"",""Mais falso do que verdadeiro"",""Mais verdadeiro do que falso"",""Em grande parte verdadeiro sobre mim"",""Completamente verdadeiro sobre mim""]",,,,,,,,,,FALSE,
FORM-2026-0010,20,,MULTIPLE_CHOICE,17. Às vezes fico na defensiva ou ataco primeiro para não parecer vulnerável aos outros.,,TRUE,"[""Completamente falso sobre mim"",""Em grande parte falso sobre mim"",""Mais falso do que verdadeiro"",""Mais verdadeiro do que falso"",""Em grande parte verdadeiro sobre mim"",""Completamente verdadeiro sobre mim""]",,,,,,,,,,FALSE,
FORM-2026-0010,21,,MULTIPLE_CHOICE,"18. Costumo testar a lealdade das pessoas, fazendo pequenas provocações ou criando conflitos.",,TRUE,"[""Completamente falso sobre mim"",""Em grande parte falso sobre mim"",""Mais falso do que verdadeiro"",""Mais verdadeiro do que falso"",""Em grande parte verdadeiro sobre mim"",""Completamente verdadeiro sobre mim""]",,,,,,,,,,FALSE,
FORM-2026-0010,22,,MULTIPLE_CHOICE,"19. Na maior parte dos ambientes sociais, sinto que sou diferente ou não pertenço ao grupo.",,TRUE,"[""Completamente falso sobre mim"",""Em grande parte falso sobre mim"",""Mais falso do que verdadeiro"",""Mais verdadeiro do que falso"",""Em grande parte verdadeiro sobre mim"",""Completamente verdadeiro sobre mim""]",,,,,,,,,,FALSE,
FORM-2026-0010,23,,MULTIPLE_CHOICE,"20. Geralmente acredito que os outros se encaixam melhor do que eu em festas, grupos ou equipes.",,TRUE,"[""Completamente falso sobre mim"",""Em grande parte falso sobre mim"",""Mais falso do que verdadeiro"",""Mais verdadeiro do que falso"",""Em grande parte verdadeiro sobre mim"",""Completamente verdadeiro sobre mim""]",,,,,,,,,,FALSE,
FORM-2026-0010,24,,MULTIPLE_CHOICE,21. Evito eventos sociais porque me sinto deslocado(a) ou estranho(a) quando estou com muitas pessoas.,,TRUE,"[""Completamente falso sobre mim"",""Em grande parte falso sobre mim"",""Mais falso do que verdadeiro"",""Mais verdadeiro do que falso"",""Em grande parte verdadeiro sobre mim"",""Completamente verdadeiro sobre mim""]",,,,,,,,,,FALSE,
FORM-2026-0010,25,,MULTIPLE_CHOICE,"22. Costumo ficar mais à margem das conversas, apenas observando, para não correr o risco de ser rejeitado(a).",,TRUE,"[""Completamente falso sobre mim"",""Em grande parte falso sobre mim"",""Mais falso do que verdadeiro"",""Mais verdadeiro do que falso"",""Em grande parte verdadeiro sobre mim"",""Completamente verdadeiro sobre mim""]",,,,,,,,,,FALSE,
FORM-2026-0010,26,,MULTIPLE_CHOICE,23. Às vezes assumo um papel de “diferentão” ou “excêntrico” para lidar com a sensação de não pertencer.,,TRUE,"[""Completamente falso sobre mim"",""Em grande parte falso sobre mim"",""Mais falso do que verdadeiro"",""Mais verdadeiro do que falso"",""Em grande parte verdadeiro sobre mim"",""Completamente verdadeiro sobre mim""]",,,,,,,,,,FALSE,
FORM-2026-0010,27,,MULTIPLE_CHOICE,"24. Em outros momentos tento parecer indiferente aos grupos, como se não me importasse em fazer parte de nada.",,TRUE,"[""Completamente falso sobre mim"",""Em grande parte falso sobre mim"",""Mais falso do que verdadeiro"",""Mais verdadeiro do que falso"",""Em grande parte verdadeiro sobre mim"",""Completamente verdadeiro sobre mim""]",,,,,,,,,,FALSE,
FORM-2026-0010,28,,MULTIPLE_CHOICE,25. Com frequência sinto que há algo profundamente errado ou defeituoso em mim.,,TRUE,"[""Completamente falso sobre mim"",""Em grande parte falso sobre mim"",""Mais falso do que verdadeiro"",""Mais verdadeiro do que falso"",""Em grande parte verdadeiro sobre mim"",""Completamente verdadeiro sobre mim""]",,,,,,,,,,FALSE,
FORM-2026-0010,29,,MULTIPLE_CHOICE,26. Tenho dificuldade em acreditar que alguém poderia me conhecer por inteiro e ainda assim me aceitar.,,TRUE,"[""Completamente falso sobre mim"",""Em grande parte falso sobre mim"",""Mais falso do que verdadeiro"",""Mais verdadeiro do que falso"",""Em grande parte verdadeiro sobre mim"",""Completamente verdadeiro sobre mim""]",,,,,,,,,,FALSE,
FORM-2026-0010,30,,MULTIPLE_CHOICE,27. Evito mostrar meus pensamentos ou sentimentos mais íntimos por vergonha de ser julgado(a).,,TRUE,"[""Completamente falso sobre mim"",""Em grande parte falso sobre mim"",""Mais falso do que verdadeiro"",""Mais verdadeiro do que falso"",""Em grande parte verdadeiro sobre mim"",""Completamente verdadeiro sobre mim""]",,,,,,,,,,FALSE,
FORM-2026-0010,31,,MULTIPLE_CHOICE,"28. Costumo esconder partes da minha história ou de quem sou, para não parecer “menos” que os outros.",,TRUE,"[""Completamente falso sobre mim"",""Em grande parte falso sobre mim"",""Mais falso do que verdadeiro"",""Mais verdadeiro do que falso"",""Em grande parte verdadeiro sobre mim"",""Completamente verdadeiro sobre mim""]",,,,,,,,,,FALSE,
FORM-2026-0010,32,,MULTIPLE_CHOICE,29. Às vezes exagero minhas qualidades ou conquistas para compensar a sensação interna de defeito.,,TRUE,"[""Completamente falso sobre mim"",""Em grande parte falso sobre mim"",""Mais falso do que verdadeiro"",""Mais verdadeiro do que falso"",""Em grande parte verdadeiro sobre mim"",""Completamente verdadeiro sobre mim""]",,,,,,,,,,FALSE,
FORM-2026-0010,33,,MULTIPLE_CHOICE,30. Em alguns momentos ajo com arrogância ou superioridade para esconder o quanto me sinto inadequado(a).,,TRUE,"[""Completamente falso sobre mim"",""Em grande parte falso sobre mim"",""Mais falso do que verdadeiro"",""Mais verdadeiro do que falso"",""Em grande parte verdadeiro sobre mim"",""Completamente verdadeiro sobre mim""]",,,,,,,,,,FALSE,
FORM-2026-0010,34,,MULTIPLE_CHOICE,"31. Comparado(a) às outras pessoas, frequentemente me vejo como menos capaz ou competente.",,TRUE,"[""Completamente falso sobre mim"",""Em grande parte falso sobre mim"",""Mais falso do que verdadeiro"",""Mais verdadeiro do que falso"",""Em grande parte verdadeiro sobre mim"",""Completamente verdadeiro sobre mim""]",,,,,,,,,,FALSE,
FORM-2026-0010,35,,MULTIPLE_CHOICE,"32. Costumo esperar que meus projetos não deem certo, mesmo quando me esforço.",,TRUE,"[""Completamente falso sobre mim"",""Em grande parte falso sobre mim"",""Mais falso do que verdadeiro"",""Mais verdadeiro do que falso"",""Em grande parte verdadeiro sobre mim"",""Completamente verdadeiro sobre mim""]",,,,,,,,,,FALSE,
FORM-2026-0010,36,,MULTIPLE_CHOICE,33. Evito desafios acadêmicos ou profissionais por medo de falhar e confirmar que sou incapaz.,,TRUE,"[""Completamente falso sobre mim"",""Em grande parte falso sobre mim"",""Mais falso do que verdadeiro"",""Mais verdadeiro do que falso"",""Em grande parte verdadeiro sobre mim"",""Completamente verdadeiro sobre mim""]",,,,,,,,,,FALSE,
FORM-2026-0010,37,,MULTIPLE_CHOICE,34. Às vezes deixo de tentar coisas novas porque já imagino que não vou conseguir.,,TRUE,"[""Completamente falso sobre mim"",""Em grande parte falso sobre mim"",""Mais falso do que verdadeiro"",""Mais verdadeiro do que falso"",""Em grande parte verdadeiro sobre mim"",""Completamente verdadeiro sobre mim""]",,,,,,,,,,FALSE,
FORM-2026-0010,38,,MULTIPLE_CHOICE,35. Em alguns momentos trabalho demais ou estudo em excesso para provar que não sou um fracasso.,,TRUE,"[""Completamente falso sobre mim"",""Em grande parte falso sobre mim"",""Mais falso do que verdadeiro"",""Mais verdadeiro do que falso"",""Em grande parte verdadeiro sobre mim"",""Completamente verdadeiro sobre mim""]",,,,,,,,,,FALSE,
FORM-2026-0010,39,,MULTIPLE_CHOICE,36. Costumo ser muito competitivo(a) para compensar sentimentos de inferioridade em relação aos outros.,,TRUE,"[""Completamente falso sobre mim"",""Em grande parte falso sobre mim"",""Mais falso do que verdadeiro"",""Mais verdadeiro do que falso"",""Em grande parte verdadeiro sobre mim"",""Completamente verdadeiro sobre mim""]",,,,,,,,,,FALSE,
FORM-2026-0010,40,,MULTIPLE_CHOICE,37. Muitas vezes sinto que não consigo tomar decisões importantes sem a opinião de alguém.,,TRUE,"[""Completamente falso sobre mim"",""Em grande parte falso sobre mim"",""Mais falso do que verdadeiro"",""Mais verdadeiro do que falso"",""Em grande parte verdadeiro sobre mim"",""Completamente verdadeiro sobre mim""]",,,,,,,,,,FALSE,
FORM-2026-0010,41,,MULTIPLE_CHOICE,"38. Tenho a sensação de que, sozinho(a), não dou conta das responsabilidades do dia a dia.",,TRUE,"[""Completamente falso sobre mim"",""Em grande parte falso sobre mim"",""Mais falso do que verdadeiro"",""Mais verdadeiro do que falso"",""Em grande parte verdadeiro sobre mim"",""Completamente verdadeiro sobre mim""]",,,,,,,,,,FALSE,
FORM-2026-0010,42,,MULTIPLE_CHOICE,39. Evito aprender coisas novas porque acho que vou depender de alguém para resolver por mim.,,TRUE,"[""Completamente falso sobre mim"",""Em grande parte falso sobre mim"",""Mais falso do que verdadeiro"",""Mais verdadeiro do que falso"",""Em grande parte verdadeiro sobre mim"",""Completamente verdadeiro sobre mim""]",,,,,,,,,,FALSE,
FORM-2026-0010,43,,MULTIPLE_CHOICE,40. Costumo adiar decisões esperando que outra pessoa escolha no meu lugar.,,TRUE,"[""Completamente falso sobre mim"",""Em grande parte falso sobre mim"",""Mais falso do que verdadeiro"",""Mais verdadeiro do que falso"",""Em grande parte verdadeiro sobre mim"",""Completamente verdadeiro sobre mim""]",,,,,,,,,,FALSE,
FORM-2026-0010,44,,MULTIPLE_CHOICE,41. Em alguns momentos ajo como muito autoconfiante para que ninguém perceba o quanto me sinto inseguro(a).,,TRUE,"[""Completamente falso sobre mim"",""Em grande parte falso sobre mim"",""Mais falso do que verdadeiro"",""Mais verdadeiro do que falso"",""Em grande parte verdadeiro sobre mim"",""Completamente verdadeiro sobre mim""]",,,,,,,,,,FALSE,
FORM-2026-0010,45,,MULTIPLE_CHOICE,"42. Às vezes assumo o controle de tudo, sem pedir ajuda, para evitar qualquer sensação de dependência.",,TRUE,"[""Completamente falso sobre mim"",""Em grande parte falso sobre mim"",""Mais falso do que verdadeiro"",""Mais verdadeiro do que falso"",""Em grande parte verdadeiro sobre mim"",""Completamente verdadeiro sobre mim""]",,,,,,,,,,FALSE,
FORM-2026-0010,46,,MULTIPLE_CHOICE,43. Frequentemente temo que algo ruim ou inesperado aconteça comigo ou com quem amo.,,TRUE,"[""Completamente falso sobre mim"",""Em grande parte falso sobre mim"",""Mais falso do que verdadeiro"",""Mais verdadeiro do que falso"",""Em grande parte verdadeiro sobre mim"",""Completamente verdadeiro sobre mim""]",,,,,,,,,,FALSE,
FORM-2026-0010,47,,MULTIPLE_CHOICE,44. Pequenos sintomas físicos costumam me deixar muito preocupado(a) com doenças graves.,,TRUE,"[""Completamente falso sobre mim"",""Em grande parte falso sobre mim"",""Mais falso do que verdadeiro"",""Mais verdadeiro do que falso"",""Em grande parte verdadeiro sobre mim"",""Completamente verdadeiro sobre mim""]",,,,,,,,,,FALSE,
FORM-2026-0010,48,,MULTIPLE_CHOICE,"45. Evito alguns lugares, trajetos ou atividades por medo de acidentes ou catástrofes.",,TRUE,"[""Completamente falso sobre mim"",""Em grande parte falso sobre mim"",""Mais falso do que verdadeiro"",""Mais verdadeiro do que falso"",""Em grande parte verdadeiro sobre mim"",""Completamente verdadeiro sobre mim""]",,,,,,,,,,FALSE,
FORM-2026-0010,49,,MULTIPLE_CHOICE,46. Fujo de notícias ou conversas que aumentem minha sensação de ameaça ou perigo.,,TRUE,"[""Completamente falso sobre mim"",""Em grande parte falso sobre mim"",""Mais falso do que verdadeiro"",""Mais verdadeiro do que falso"",""Em grande parte verdadeiro sobre mim"",""Completamente verdadeiro sobre mim""]",,,,,,,,,,FALSE,
FORM-2026-0010,50,,MULTIPLE_CHOICE,"47. Às vezes pesquiso compulsivamente sobre doenças, notícias ou perigos para sentir que estou no controle.",,TRUE,"[""Completamente falso sobre mim"",""Em grande parte falso sobre mim"",""Mais falso do que verdadeiro"",""Mais verdadeiro do que falso"",""Em grande parte verdadeiro sobre mim"",""Completamente verdadeiro sobre mim""]",,,,,,,,,,FALSE,
FORM-2026-0010,51,,MULTIPLE_CHOICE,48. Costumo orientar ou criticar os outros por achá-los “relaxados” com riscos que levo muito a sério.,,TRUE,"[""Completamente falso sobre mim"",""Em grande parte falso sobre mim"",""Mais falso do que verdadeiro"",""Mais verdadeiro do que falso"",""Em grande parte verdadeiro sobre mim"",""Completamente verdadeiro sobre mim""]",,,,,,,,,,FALSE,
FORM-2026-0010,52,,MULTIPLE_CHOICE,49. Muitas vezes sinto que minha identidade se mistura demais com a de alguém importante para mim.,,TRUE,"[""Completamente falso sobre mim"",""Em grande parte falso sobre mim"",""Mais falso do que verdadeiro"",""Mais verdadeiro do que falso"",""Em grande parte verdadeiro sobre mim"",""Completamente verdadeiro sobre mim""]",,,,,,,,,,FALSE,
FORM-2026-0010,53,,MULTIPLE_CHOICE,"50. Tenho dificuldade em saber o que eu realmente quero, separado do que os outros esperam.",,TRUE,"[""Completamente falso sobre mim"",""Em grande parte falso sobre mim"",""Mais falso do que verdadeiro"",""Mais verdadeiro do que falso"",""Em grande parte verdadeiro sobre mim"",""Completamente verdadeiro sobre mim""]",,,,,,,,,,FALSE,
FORM-2026-0010,54,,MULTIPLE_CHOICE,"51. Evito tomar decisões que possam desagradar pessoas próximas, mesmo que isso me faça mal.",,TRUE,"[""Completamente falso sobre mim"",""Em grande parte falso sobre mim"",""Mais falso do que verdadeiro"",""Mais verdadeiro do que falso"",""Em grande parte verdadeiro sobre mim"",""Completamente verdadeiro sobre mim""]",,,,,,,,,,FALSE,
FORM-2026-0010,55,,MULTIPLE_CHOICE,52. Às vezes deixo meus planos de lado para não criar distância ou conflito com alguém que amo.,,TRUE,"[""Completamente falso sobre mim"",""Em grande parte falso sobre mim"",""Mais falso do que verdadeiro"",""Mais verdadeiro do que falso"",""Em grande parte verdadeiro sobre mim"",""Completamente verdadeiro sobre mim""]",,,,,,,,,,FALSE,
FORM-2026-0010,56,,MULTIPLE_CHOICE,53. Em alguns momentos tomo decisões bruscas de afastamento para provar que sou independente.,,TRUE,"[""Completamente falso sobre mim"",""Em grande parte falso sobre mim"",""Mais falso do que verdadeiro"",""Mais verdadeiro do que falso"",""Em grande parte verdadeiro sobre mim"",""Completamente verdadeiro sobre mim""]",,,,,,,,,,FALSE,
FORM-2026-0010,57,,MULTIPLE_CHOICE,"54. Às vezes ajo de forma excessivamente autônoma, recusando ajuda para não parecer dependente.",,TRUE,"[""Completamente falso sobre mim"",""Em grande parte falso sobre mim"",""Mais falso do que verdadeiro"",""Mais verdadeiro do que falso"",""Em grande parte verdadeiro sobre mim"",""Completamente verdadeiro sobre mim""]",,,,,,,,,,FALSE,
FORM-2026-0010,58,,MULTIPLE_CHOICE,55. Frequentemente cedo às vontades dos outros com medo de que fiquem bravos ou me rejeitem.,,TRUE,"[""Completamente falso sobre mim"",""Em grande parte falso sobre mim"",""Mais falso do que verdadeiro"",""Mais verdadeiro do que falso"",""Em grande parte verdadeiro sobre mim"",""Completamente verdadeiro sobre mim""]",,,,,,,,,,FALSE,
FORM-2026-0010,59,,MULTIPLE_CHOICE,56. Sinto que não tenho tanto direito quanto os outros de dizer “não”.,,TRUE,"[""Completamente falso sobre mim"",""Em grande parte falso sobre mim"",""Mais falso do que verdadeiro"",""Mais verdadeiro do que falso"",""Em grande parte verdadeiro sobre mim"",""Completamente verdadeiro sobre mim""]",,,,,,,,,,FALSE,
FORM-2026-0010,60,,MULTIPLE_CHOICE,57. Evito expressar opiniões diferentes para não gerar conflito ou discussão.,,TRUE,"[""Completamente falso sobre mim"",""Em grande parte falso sobre mim"",""Mais falso do que verdadeiro"",""Mais verdadeiro do que falso"",""Em grande parte verdadeiro sobre mim"",""Completamente verdadeiro sobre mim""]",,,,,,,,,,FALSE,
FORM-2026-0010,61,,MULTIPLE_CHOICE,"58. Costumo engolir minha raiva para manter a paz, mesmo quando me sinto injustiçado(a).",,TRUE,"[""Completamente falso sobre mim"",""Em grande parte falso sobre mim"",""Mais falso do que verdadeiro"",""Mais verdadeiro do que falso"",""Em grande parte verdadeiro sobre mim"",""Completamente verdadeiro sobre mim""]",,,,,,,,,,FALSE,
FORM-2026-0010,62,,MULTIPLE_CHOICE,59. Em alguns momentos explodo de forma intensa depois de muito tempo calado(a).,,TRUE,"[""Completamente falso sobre mim"",""Em grande parte falso sobre mim"",""Mais falso do que verdadeiro"",""Mais verdadeiro do que falso"",""Em grande parte verdadeiro sobre mim"",""Completamente verdadeiro sobre mim""]",,,,,,,,,,FALSE,
FORM-2026-0010,63,,MULTIPLE_CHOICE,60. Às vezes assumo um tom autoritário para compensar períodos em que me senti muito submisso(a).,,TRUE,"[""Completamente falso sobre mim"",""Em grande parte falso sobre mim"",""Mais falso do que verdadeiro"",""Mais verdadeiro do que falso"",""Em grande parte verdadeiro sobre mim"",""Completamente verdadeiro sobre mim""]",,,,,,,,,,FALSE,
FORM-2026-0010,64,,MULTIPLE_CHOICE,"61. Com frequência coloco as necessidades dos outros à frente das minhas, mesmo ficando esgotado(a).",,TRUE,"[""Completamente falso sobre mim"",""Em grande parte falso sobre mim"",""Mais falso do que verdadeiro"",""Mais verdadeiro do que falso"",""Em grande parte verdadeiro sobre mim"",""Completamente verdadeiro sobre mim""]",,,,,,,,,,FALSE,
FORM-2026-0010,65,,MULTIPLE_CHOICE,62. Sinto culpa quando penso em cuidar de mim mesmo(a) antes de ajudar alguém.,,TRUE,"[""Completamente falso sobre mim"",""Em grande parte falso sobre mim"",""Mais falso do que verdadeiro"",""Mais verdadeiro do que falso"",""Em grande parte verdadeiro sobre mim"",""Completamente verdadeiro sobre mim""]",,,,,,,,,,FALSE,
FORM-2026-0010,66,,MULTIPLE_CHOICE,63. Evito pedir ajuda porque acredito que os outros precisam mais do que eu.,,TRUE,"[""Completamente falso sobre mim"",""Em grande parte falso sobre mim"",""Mais falso do que verdadeiro"",""Mais verdadeiro do que falso"",""Em grande parte verdadeiro sobre mim"",""Completamente verdadeiro sobre mim""]",,,,,,,,,,FALSE,
FORM-2026-0010,67,,MULTIPLE_CHOICE,64. Costumo esconder meu cansaço para não desapontar quem conta comigo.,,TRUE,"[""Completamente falso sobre mim"",""Em grande parte falso sobre mim"",""Mais falso do que verdadeiro"",""Mais verdadeiro do que falso"",""Em grande parte verdadeiro sobre mim"",""Completamente verdadeiro sobre mim""]",,,,,,,,,,FALSE,
FORM-2026-0010,68,,MULTIPLE_CHOICE,"65. Às vezes ajudo demais e depois fico ressentido(a), achando que ninguém faz por mim o mesmo esforço.",,TRUE,"[""Completamente falso sobre mim"",""Em grande parte falso sobre mim"",""Mais falso do que verdadeiro"",""Mais verdadeiro do que falso"",""Em grande parte verdadeiro sobre mim"",""Completamente verdadeiro sobre mim""]",,,,,,,,,,FALSE,
FORM-2026-0010,69,,MULTIPLE_CHOICE,66. Em alguns momentos faço questão de mostrar o quanto me sacrifico para que os outros reconheçam meu valor.,,TRUE,"[""Completamente falso sobre mim"",""Em grande parte falso sobre mim"",""Mais falso do que verdadeiro"",""Mais verdadeiro do que falso"",""Em grande parte verdadeiro sobre mim"",""Completamente verdadeiro sobre mim""]",,,,,,,,,,FALSE,
FORM-2026-0010,70,,MULTIPLE_CHOICE,67. Minha autoestima costuma depender muito do que os outros pensam de mim.,,TRUE,"[""Completamente falso sobre mim"",""Em grande parte falso sobre mim"",""Mais falso do que verdadeiro"",""Mais verdadeiro do que falso"",""Em grande parte verdadeiro sobre mim"",""Completamente verdadeiro sobre mim""]",,,,,,,,,,FALSE,
FORM-2026-0010,71,,MULTIPLE_CHOICE,68. Tenho grande necessidade de ser bem visto(a) para me sentir valioso(a).,,TRUE,"[""Completamente falso sobre mim"",""Em grande parte falso sobre mim"",""Mais falso do que verdadeiro"",""Mais verdadeiro do que falso"",""Em grande parte verdadeiro sobre mim"",""Completamente verdadeiro sobre mim""]",,,,,,,,,,FALSE,
FORM-2026-0010,72,,MULTIPLE_CHOICE,69. Evito mostrar fraquezas ou erros para não correr o risco de ser mal avaliado(a).,,TRUE,"[""Completamente falso sobre mim"",""Em grande parte falso sobre mim"",""Mais falso do que verdadeiro"",""Mais verdadeiro do que falso"",""Em grande parte verdadeiro sobre mim"",""Completamente verdadeiro sobre mim""]",,,,,,,,,,FALSE,
FORM-2026-0010,73,,MULTIPLE_CHOICE,"70. Às vezes visto um “personagem” diferente de quem realmente sou, para agradar cada grupo.",,TRUE,"[""Completamente falso sobre mim"",""Em grande parte falso sobre mim"",""Mais falso do que verdadeiro"",""Mais verdadeiro do que falso"",""Em grande parte verdadeiro sobre mim"",""Completamente verdadeiro sobre mim""]",,,,,,,,,,FALSE,
FORM-2026-0010,74,,MULTIPLE_CHOICE,"71. Em alguns momentos exagero em conquistas, aparência ou desempenho para ser admirado(a).",,TRUE,"[""Completamente falso sobre mim"",""Em grande parte falso sobre mim"",""Mais falso do que verdadeiro"",""Mais verdadeiro do que falso"",""Em grande parte verdadeiro sobre mim"",""Completamente verdadeiro sobre mim""]",,,,,,,,,,FALSE,
FORM-2026-0010,75,,MULTIPLE_CHOICE,72. Costumo disputar espaço ou reconhecimento quando sinto que não estou recebendo atenção suficiente.,,TRUE,"[""Completamente falso sobre mim"",""Em grande parte falso sobre mim"",""Mais falso do que verdadeiro"",""Mais verdadeiro do que falso"",""Em grande parte verdadeiro sobre mim"",""Completamente verdadeiro sobre mim""]",,,,,,,,,,FALSE,
FORM-2026-0010,76,,MULTIPLE_CHOICE,73. Muitas vezes sinto que mereço algumas exceções às regras que valem para os outros.,,TRUE,"[""Completamente falso sobre mim"",""Em grande parte falso sobre mim"",""Mais falso do que verdadeiro"",""Mais verdadeiro do que falso"",""Em grande parte verdadeiro sobre mim"",""Completamente verdadeiro sobre mim""]",,,,,,,,,,FALSE,
FORM-2026-0010,77,,MULTIPLE_CHOICE,74. Costumo achar que minhas necessidades deveriam ser atendidas antes das demais.,,TRUE,"[""Completamente falso sobre mim"",""Em grande parte falso sobre mim"",""Mais falso do que verdadeiro"",""Mais verdadeiro do que falso"",""Em grande parte verdadeiro sobre mim"",""Completamente verdadeiro sobre mim""]",,,,,,,,,,FALSE,
FORM-2026-0010,78,,MULTIPLE_CHOICE,"75. Evito tarefas que considero pequenas demais para mim, esperando que outra pessoa faça.",,TRUE,"[""Completamente falso sobre mim"",""Em grande parte falso sobre mim"",""Mais falso do que verdadeiro"",""Mais verdadeiro do que falso"",""Em grande parte verdadeiro sobre mim"",""Completamente verdadeiro sobre mim""]",,,,,,,,,,FALSE,
FORM-2026-0010,79,,MULTIPLE_CHOICE,76. Às vezes me afasto de ambientes em que não sou tratado(a) com o destaque que considero merecer.,,TRUE,"[""Completamente falso sobre mim"",""Em grande parte falso sobre mim"",""Mais falso do que verdadeiro"",""Mais verdadeiro do que falso"",""Em grande parte verdadeiro sobre mim"",""Completamente verdadeiro sobre mim""]",,,,,,,,,,FALSE,
FORM-2026-0010,80,,MULTIPLE_CHOICE,"77. Em certos momentos ultrapasso limites ou imponho minhas vontades, como se soubesse o que é melhor para todos.",,TRUE,"[""Completamente falso sobre mim"",""Em grande parte falso sobre mim"",""Mais falso do que verdadeiro"",""Mais verdadeiro do que falso"",""Em grande parte verdadeiro sobre mim"",""Completamente verdadeiro sobre mim""]",,,,,,,,,,FALSE,
FORM-2026-0010,81,,MULTIPLE_CHOICE,78. Costumo tratar os outros como se eles devessem se adaptar ao meu ritmo ou preferências.,,TRUE,"[""Completamente falso sobre mim"",""Em grande parte falso sobre mim"",""Mais falso do que verdadeiro"",""Mais verdadeiro do que falso"",""Em grande parte verdadeiro sobre mim"",""Completamente verdadeiro sobre mim""]",,,,,,,,,,FALSE,
FORM-2026-0010,82,,MULTIPLE_CHOICE,79. Tenho dificuldade em manter disciplina em tarefas que exigem esforço contínuo.,,TRUE,"[""Completamente falso sobre mim"",""Em grande parte falso sobre mim"",""Mais falso do que verdadeiro"",""Mais verdadeiro do que falso"",""Em grande parte verdadeiro sobre mim"",""Completamente verdadeiro sobre mim""]",,,,,,,,,,FALSE,
FORM-2026-0010,83,,MULTIPLE_CHOICE,"80. Com frequência busco gratificação imediata, mesmo sabendo que isso pode me prejudicar depois.",,TRUE,"[""Completamente falso sobre mim"",""Em grande parte falso sobre mim"",""Mais falso do que verdadeiro"",""Mais verdadeiro do que falso"",""Em grande parte verdadeiro sobre mim"",""Completamente verdadeiro sobre mim""]",,,,,,,,,,FALSE,
FORM-2026-0010,84,,MULTIPLE_CHOICE,81. Evito atividades que exigem organização e planejamento porque me sobrecarregam rapidamente.,,TRUE,"[""Completamente falso sobre mim"",""Em grande parte falso sobre mim"",""Mais falso do que verdadeiro"",""Mais verdadeiro do que falso"",""Em grande parte verdadeiro sobre mim"",""Completamente verdadeiro sobre mim""]",,,,,,,,,,FALSE,
FORM-2026-0010,85,,MULTIPLE_CHOICE,"82. Frequentemente abandono projetos quando exigem muita constância, preferindo algo mais prazeroso no momento.",,TRUE,"[""Completamente falso sobre mim"",""Em grande parte falso sobre mim"",""Mais falso do que verdadeiro"",""Mais verdadeiro do que falso"",""Em grande parte verdadeiro sobre mim"",""Completamente verdadeiro sobre mim""]",,,,,,,,,,FALSE,
FORM-2026-0010,86,,MULTIPLE_CHOICE,83. Em alguns períodos entro em fases de produtividade intensa para compensar momentos de descontrole.,,TRUE,"[""Completamente falso sobre mim"",""Em grande parte falso sobre mim"",""Mais falso do que verdadeiro"",""Mais verdadeiro do que falso"",""Em grande parte verdadeiro sobre mim"",""Completamente verdadeiro sobre mim""]",,,,,,,,,,FALSE,
FORM-2026-0010,87,,MULTIPLE_CHOICE,84. Às vezes imponho regras muito rígidas para mim ou para outras pessoas depois de perceber que exagerei em impulsos.,,TRUE,"[""Completamente falso sobre mim"",""Em grande parte falso sobre mim"",""Mais falso do que verdadeiro"",""Mais verdadeiro do que falso"",""Em grande parte verdadeiro sobre mim"",""Completamente verdadeiro sobre mim""]",,,,,,,,,,FALSE,
FORM-2026-0010,88,,MULTIPLE_CHOICE,85. Costumo imaginar primeiro o que pode dar errado antes de enxergar o que pode dar certo.,,TRUE,"[""Completamente falso sobre mim"",""Em grande parte falso sobre mim"",""Mais falso do que verdadeiro"",""Mais verdadeiro do que falso"",""Em grande parte verdadeiro sobre mim"",""Completamente verdadeiro sobre mim""]",,,,,,,,,,FALSE,
FORM-2026-0010,89,,MULTIPLE_CHOICE,"86. Mesmo quando as coisas estão indo bem, frequentemente espero que algo ruim aconteça.",,TRUE,"[""Completamente falso sobre mim"",""Em grande parte falso sobre mim"",""Mais falso do que verdadeiro"",""Mais verdadeiro do que falso"",""Em grande parte verdadeiro sobre mim"",""Completamente verdadeiro sobre mim""]",,,,,,,,,,FALSE,
FORM-2026-0010,90,,MULTIPLE_CHOICE,87. Evito me envolver em projetos que envolvam algum risco por medo de frustrações.,,TRUE,"[""Completamente falso sobre mim"",""Em grande parte falso sobre mim"",""Mais falso do que verdadeiro"",""Mais verdadeiro do que falso"",""Em grande parte verdadeiro sobre mim"",""Completamente verdadeiro sobre mim""]",,,,,,,,,,FALSE,
FORM-2026-0010,91,,MULTIPLE_CHOICE,88. Às vezes deixo de aproveitar boas oportunidades por focar apenas nos possíveis problemas.,,TRUE,"[""Completamente falso sobre mim"",""Em grande parte falso sobre mim"",""Mais falso do que verdadeiro"",""Mais verdadeiro do que falso"",""Em grande parte verdadeiro sobre mim"",""Completamente verdadeiro sobre mim""]",,,,,,,,,,FALSE,
FORM-2026-0010,92,,MULTIPLE_CHOICE,"89. Em alguns momentos aponto defeitos ou riscos em quase tudo, como forma de “me proteger” de decepções.",,TRUE,"[""Completamente falso sobre mim"",""Em grande parte falso sobre mim"",""Mais falso do que verdadeiro"",""Mais verdadeiro do que falso"",""Em grande parte verdadeiro sobre mim"",""Completamente verdadeiro sobre mim""]",,,,,,,,,,FALSE,
FORM-2026-0010,93,,MULTIPLE_CHOICE,90. Costumo ser visto(a) como alguém muito preocupado(a) ou “realista demais” sobre o que pode dar errado.,,TRUE,"[""Completamente falso sobre mim"",""Em grande parte falso sobre mim"",""Mais falso do que verdadeiro"",""Mais verdadeiro do que falso"",""Em grande parte verdadeiro sobre mim"",""Completamente verdadeiro sobre mim""]",,,,,,,,,,FALSE,
FORM-2026-0010,94,,MULTIPLE_CHOICE,"91. Tenho dificuldade em expressar emoções com naturalidade, mesmo perto de pessoas de confiança.",,TRUE,"[""Completamente falso sobre mim"",""Em grande parte falso sobre mim"",""Mais falso do que verdadeiro"",""Mais verdadeiro do que falso"",""Em grande parte verdadeiro sobre mim"",""Completamente verdadeiro sobre mim""]",,,,,,,,,,FALSE,
FORM-2026-0010,95,,MULTIPLE_CHOICE,"92. Costumo segurar o choro, a raiva ou a alegria para não parecer exagerado(a).",,TRUE,"[""Completamente falso sobre mim"",""Em grande parte falso sobre mim"",""Mais falso do que verdadeiro"",""Mais verdadeiro do que falso"",""Em grande parte verdadeiro sobre mim"",""Completamente verdadeiro sobre mim""]",,,,,,,,,,FALSE,
FORM-2026-0010,96,,MULTIPLE_CHOICE,"93. Evito falar sobre sentimentos em conversas importantes, preferindo ficar no lado racional.",,TRUE,"[""Completamente falso sobre mim"",""Em grande parte falso sobre mim"",""Mais falso do que verdadeiro"",""Mais verdadeiro do que falso"",""Em grande parte verdadeiro sobre mim"",""Completamente verdadeiro sobre mim""]",,,,,,,,,,FALSE,
FORM-2026-0010,97,,MULTIPLE_CHOICE,94. Às vezes mudo de assunto quando alguém tenta aprofundar uma conversa emocional comigo.,,TRUE,"[""Completamente falso sobre mim"",""Em grande parte falso sobre mim"",""Mais falso do que verdadeiro"",""Mais verdadeiro do que falso"",""Em grande parte verdadeiro sobre mim"",""Completamente verdadeiro sobre mim""]",,,,,,,,,,FALSE,
FORM-2026-0010,98,,MULTIPLE_CHOICE,"95. Em alguns momentos uso humor, ironias ou piadas em excesso para não mostrar o que realmente estou sentindo.",,TRUE,"[""Completamente falso sobre mim"",""Em grande parte falso sobre mim"",""Mais falso do que verdadeiro"",""Mais verdadeiro do que falso"",""Em grande parte verdadeiro sobre mim"",""Completamente verdadeiro sobre mim""]",,,,,,,,,,FALSE,
FORM-2026-0010,99,,MULTIPLE_CHOICE,"96. Às vezes pareço frio(a) ou distante por fora, mesmo sentindo muitas coisas por dentro.",,TRUE,"[""Completamente falso sobre mim"",""Em grande parte falso sobre mim"",""Mais falso do que verdadeiro"",""Mais verdadeiro do que falso"",""Em grande parte verdadeiro sobre mim"",""Completamente verdadeiro sobre mim""]",,,,,,,,,,FALSE,
FORM-2026-0010,100,,MULTIPLE_CHOICE,97. Costumo me cobrar demais para fazer tudo com perfeição.,,TRUE,"[""Completamente falso sobre mim"",""Em grande parte falso sobre mim"",""Mais falso do que verdadeiro"",""Mais verdadeiro do que falso"",""Em grande parte verdadeiro sobre mim"",""Completamente verdadeiro sobre mim""]",,,,,,,,,,FALSE,
FORM-2026-0010,101,,MULTIPLE_CHOICE,98. É difícil relaxar quando sinto que ainda há algo a ser melhorado ou organizado.,,TRUE,"[""Completamente falso sobre mim"",""Em grande parte falso sobre mim"",""Mais falso do que verdadeiro"",""Mais verdadeiro do que falso"",""Em grande parte verdadeiro sobre mim"",""Completamente verdadeiro sobre mim""]",,,,,,,,,,FALSE,
FORM-2026-0010,102,,MULTIPLE_CHOICE,99. Evito iniciar alguns projetos porque temo não conseguir fazê-los no nível que considero ideal.,,TRUE,"[""Completamente falso sobre mim"",""Em grande parte falso sobre mim"",""Mais falso do que verdadeiro"",""Mais verdadeiro do que falso"",""Em grande parte verdadeiro sobre mim"",""Completamente verdadeiro sobre mim""]",,,,,,,,,,FALSE,
FORM-2026-0010,103,,MULTIPLE_CHOICE,100. Demoro demais para concluir tarefas por ficar revisando detalhes e correções.,,TRUE,"[""Completamente falso sobre mim"",""Em grande parte falso sobre mim"",""Mais falso do que verdadeiro"",""Mais verdadeiro do que falso"",""Em grande parte verdadeiro sobre mim"",""Completamente verdadeiro sobre mim""]",,,,,,,,,,FALSE,
FORM-2026-0010,104,,MULTIPLE_CHOICE,101. Em alguns momentos sou excessivamente crítico(a) comigo ou com os outros quando percebo erros.,,TRUE,"[""Completamente falso sobre mim"",""Em grande parte falso sobre mim"",""Mais falso do que verdadeiro"",""Mais verdadeiro do que falso"",""Em grande parte verdadeiro sobre mim"",""Completamente verdadeiro sobre mim""]",,,,,,,,,,FALSE,
FORM-2026-0010,105,,MULTIPLE_CHOICE,"102. Às vezes imponho padrões muito rígidos às pessoas ao meu redor, esperando que façam tudo “do jeito certo”.",,TRUE,"[""Completamente falso sobre mim"",""Em grande parte falso sobre mim"",""Mais falso do que verdadeiro"",""Mais verdadeiro do que falso"",""Em grande parte verdadeiro sobre mim"",""Completamente verdadeiro sobre mim""]",,,,,,,,,,FALSE,
FORM-2026-0010,106,,MULTIPLE_CHOICE,"103. Tenho pouca tolerância com falhas, tanto minhas quanto das outras pessoas.",,TRUE,"[""Completamente falso sobre mim"",""Em grande parte falso sobre mim"",""Mais falso do que verdadeiro"",""Mais verdadeiro do que falso"",""Em grande parte verdadeiro sobre mim"",""Completamente verdadeiro sobre mim""]",,,,,,,,,,FALSE,
FORM-2026-0010,107,,MULTIPLE_CHOICE,"104. Quando erro, sinto que mereço críticas duras ou algum tipo de punição.",,TRUE,"[""Completamente falso sobre mim"",""Em grande parte falso sobre mim"",""Mais falso do que verdadeiro"",""Mais verdadeiro do que falso"",""Em grande parte verdadeiro sobre mim"",""Completamente verdadeiro sobre mim""]",,,,,,,,,,FALSE,
FORM-2026-0010,108,,MULTIPLE_CHOICE,105. Evito falar sobre meus erros ou fragilidades para não ter que lidar com críticas (inclusive as minhas).,,TRUE,"[""Completamente falso sobre mim"",""Em grande parte falso sobre mim"",""Mais falso do que verdadeiro"",""Mais verdadeiro do que falso"",""Em grande parte verdadeiro sobre mim"",""Completamente verdadeiro sobre mim""]",,,,,,,,,,FALSE,
FORM-2026-0010,109,,MULTIPLE_CHOICE,106. Fujo de situações em que posso errar para não me sentir “fracassado(a)” ou “errado(a)”.,,TRUE,"[""Completamente falso sobre mim"",""Em grande parte falso sobre mim"",""Mais falso do que verdadeiro"",""Mais verdadeiro do que falso"",""Em grande parte verdadeiro sobre mim"",""Completamente verdadeiro sobre mim""]",,,,,,,,,,FALSE,
FORM-2026-0010,110,,MULTIPLE_CHOICE,"107. Às vezes sou duro(a) ao julgar quem erra, como se apenas punição fizesse alguém aprender.",,TRUE,"[""Completamente falso sobre mim"",""Em grande parte falso sobre mim"",""Mais falso do que verdadeiro"",""Mais verdadeiro do que falso"",""Em grande parte verdadeiro sobre mim"",""Completamente verdadeiro sobre mim""]",,,,,,,,,,FALSE,
FORM-2026-0010,111,,MULTIPLE_CHOICE,"108. Em alguns momentos me pego usando frases cruéis comigo mesmo(a) quando falho, sem permitir compaixão.",,TRUE,"[""Completamente falso sobre mim"",""Em grande parte falso sobre mim"",""Mais falso do que verdadeiro"",""Mais verdadeiro do que falso"",""Em grande parte verdadeiro sobre mim"",""Completamente verdadeiro sobre mim""]",,,,,,,,,,FALSE,
FORM-2026-0011,1,,TEXT,Nome completo,Identificação para vínculo clínico.,TRUE,,,,,,,,,,,,FALSE,
FORM-2026-0011,2,,DATE,Data de nascimento,,TRUE,,,,,,,,,,,,FALSE,
FORM-2026-0011,3,,DATE,Data de aplicação do rastreio,,TRUE,,,,,,,,,,,,FALSE,
FORM-2026-0011,4,,MULTIPLE_CHOICE,1. Eu exijo respeito ao não permitir que os outros me intimidem ou mandem em mim.,,TRUE,"[""1"",""2"",""3"",""4"",""5"",""6""]",,,,,,,,,,FALSE,
FORM-2026-0011,5,,MULTIPLE_CHOICE,2. Eu me sinto amado e aceito.,,TRUE,"[""1"",""2"",""3"",""4"",""5"",""6""]",,,,,,,,,,FALSE,
FORM-2026-0011,6,,MULTIPLE_CHOICE,"3. Eu não me permito sentir prazer, pois não mereço.",,TRUE,"[""1"",""2"",""3"",""4"",""5"",""6""]",,,,,,,,,,FALSE,
FORM-2026-0011,7,,MULTIPLE_CHOICE,"4. Eu me sinto fundamentalmente inadequado, falho ou defeituoso.",,TRUE,"[""1"",""2"",""3"",""4"",""5"",""6""]",,,,,,,,,,FALSE,
FORM-2026-0011,8,,MULTIPLE_CHOICE,"5. Eu tenho impulsos de me punir, me machucando (p. ex., me cortando).",,TRUE,"[""1"",""2"",""3"",""4"",""5"",""6""]",,,,,,,,,,FALSE,
FORM-2026-0011,9,,MULTIPLE_CHOICE,6. Eu me sinto perdido.,,TRUE,"[""1"",""2"",""3"",""4"",""5"",""6""]",,,,,,,,,,FALSE,
FORM-2026-0011,10,,MULTIPLE_CHOICE,7. Eu sou duro comigo mesmo.,,TRUE,"[""1"",""2"",""3"",""4"",""5"",""6""]",,,,,,,,,,FALSE,
FORM-2026-0011,11,,MULTIPLE_CHOICE,"8. Eu me esforço muito para agradar outras pessoas; assim, evito conflitos, confrontos ou rejeição.",,TRUE,"[""1"",""2"",""3"",""4"",""5"",""6""]",,,,,,,,,,FALSE,
FORM-2026-0011,12,,MULTIPLE_CHOICE,9. Eu não consigo me perdoar.,,TRUE,"[""1"",""2"",""3"",""4"",""5"",""6""]",,,,,,,,,,FALSE,
FORM-2026-0011,13,,MULTIPLE_CHOICE,10. Eu faço coisas para que eu me torne o centro das atenções.,,TRUE,"[""1"",""2"",""3"",""4"",""5"",""6""]",,,,,,,,,,FALSE,
FORM-2026-0011,14,,MULTIPLE_CHOICE,11. Eu fico irritado quando as pessoas não fazem o que eu peço.,,TRUE,"[""1"",""2"",""3"",""4"",""5"",""6""]",,,,,,,,,,FALSE,
FORM-2026-0011,15,,MULTIPLE_CHOICE,12. Eu tenho dificuldade de controlar meus impulsos.,,TRUE,"[""1"",""2"",""3"",""4"",""5"",""6""]",,,,,,,,,,FALSE,
FORM-2026-0011,16,,MULTIPLE_CHOICE,"13. Se eu não consigo atingir um objetivo, me frustro facilmente e desisto.",,TRUE,"[""1"",""2"",""3"",""4"",""5"",""6""]",,,,,,,,,,FALSE,
FORM-2026-0011,17,,MULTIPLE_CHOICE,14. Eu tenho acessos de raiva.,,TRUE,"[""1"",""2"",""3"",""4"",""5"",""6""]",,,,,,,,,,FALSE,
FORM-2026-0011,18,,MULTIPLE_CHOICE,15. Eu ajo de forma impulsiva ou expresso emoções que magoam os outros ou me causam problemas.,,TRUE,"[""1"",""2"",""3"",""4"",""5"",""6""]",,,,,,,,,,FALSE,
FORM-2026-0011,19,,MULTIPLE_CHOICE,"16. Quando algo ruim acontece, a culpa é minha.",,TRUE,"[""1"",""2"",""3"",""4"",""5"",""6""]",,,,,,,,,,FALSE,
FORM-2026-0011,20,,MULTIPLE_CHOICE,17. Eu me sinto contente e tranquilo.,,TRUE,"[""1"",""2"",""3"",""4"",""5"",""6""]",,,,,,,,,,FALSE,
FORM-2026-0011,21,,MULTIPLE_CHOICE,"18. Eu mudo o meu jeito de ser dependendo de quem esteja comigo, assim essas pessoas gostarão de mim ou me aprovarão.",,TRUE,"[""1"",""2"",""3"",""4"",""5"",""6""]",,,,,,,,,,FALSE,
FORM-2026-0011,22,,MULTIPLE_CHOICE,19. Eu me sinto conectado às outras pessoas.,,TRUE,"[""1"",""2"",""3"",""4"",""5"",""6""]",,,,,,,,,,FALSE,
FORM-2026-0011,23,,MULTIPLE_CHOICE,"20. Quando ocorrem problemas, me esforço bastante para resolvê-los eu mesmo.",,TRUE,"[""1"",""2"",""3"",""4"",""5"",""6""]",,,,,,,,,,FALSE,
FORM-2026-0011,24,,MULTIPLE_CHOICE,21. Eu não me disciplino para concluir tarefas chatas ou rotineiras.,,TRUE,"[""1"",""2"",""3"",""4"",""5"",""6""]",,,,,,,,,,FALSE,
FORM-2026-0011,25,,MULTIPLE_CHOICE,"22. Se eu não brigar, as pessoas se aproveitarão de mim ou me ignorarão.",,TRUE,"[""1"",""2"",""3"",""4"",""5"",""6""]",,,,,,,,,,FALSE,
FORM-2026-0011,26,,MULTIPLE_CHOICE,23. Eu preciso cuidar das pessoas à minha volta.,,TRUE,"[""1"",""2"",""3"",""4"",""5"",""6""]",,,,,,,,,,FALSE,
FORM-2026-0011,27,,MULTIPLE_CHOICE,"24. Se você permitir que as outras pessoas façam piadas ou mexam com você, você é um trouxa.",,TRUE,"[""1"",""2"",""3"",""4"",""5"",""6""]",,,,,,,,,,FALSE,
FORM-2026-0011,28,,MULTIPLE_CHOICE,25. Eu agrido as pessoas fisicamente quando estou com raiva delas.,,TRUE,"[""1"",""2"",""3"",""4"",""5"",""6""]",,,,,,,,,,FALSE,
FORM-2026-0011,29,,MULTIPLE_CHOICE,"26. Quando eu começo a ficar bravo, muitas vezes não consigo controlar a raiva e perco a cabeça.",,TRUE,"[""1"",""2"",""3"",""4"",""5"",""6""]",,,,,,,,,,FALSE,
FORM-2026-0011,30,,MULTIPLE_CHOICE,"27. Para mim, é importante ser o número 1 (p. ex., o mais popular, o mais bem-sucedido, o mais rico, o mais poderoso).",,TRUE,"[""1"",""2"",""3"",""4"",""5"",""6""]",,,,,,,,,,FALSE,
FORM-2026-0011,31,,MULTIPLE_CHOICE,28. Eu me sinto indiferente em relação à maioria das coisas.,,TRUE,"[""1"",""2"",""3"",""4"",""5"",""6""]",,,,,,,,,,FALSE,
FORM-2026-0011,32,,MULTIPLE_CHOICE,"29. Eu consigo resolver problemas racionalmente, sem deixar que as minhas emoções tomem conta de mim.",,TRUE,"[""1"",""2"",""3"",""4"",""5"",""6""]",,,,,,,,,,FALSE,
FORM-2026-0011,33,,MULTIPLE_CHOICE,30. É ridículo planejar como você lidará com as situações.,,TRUE,"[""1"",""2"",""3"",""4"",""5"",""6""]",,,,,,,,,,FALSE,
FORM-2026-0011,34,,MULTIPLE_CHOICE,31. Eu não me contentarei em ficar em segundo lugar.,,TRUE,"[""1"",""2"",""3"",""4"",""5"",""6""]",,,,,,,,,,FALSE,
FORM-2026-0011,35,,MULTIPLE_CHOICE,32. Atacar é a melhor defesa.,,TRUE,"[""1"",""2"",""3"",""4"",""5"",""6""]",,,,,,,,,,FALSE,
FORM-2026-0011,36,,MULTIPLE_CHOICE,33. Eu me sinto frio e emocionalmente afastado das pessoas.,,TRUE,"[""1"",""2"",""3"",""4"",""5"",""6""]",,,,,,,,,,FALSE,
FORM-2026-0011,37,,MULTIPLE_CHOICE,"34. Eu me sinto desconectado (sem contato comigo mesmo, minhas emoções e com as outras pessoas).",,TRUE,"[""1"",""2"",""3"",""4"",""5"",""6""]",,,,,,,,,,FALSE,
FORM-2026-0011,38,,MULTIPLE_CHOICE,35. Eu sigo as minhas emoções cegamente.,,TRUE,"[""1"",""2"",""3"",""4"",""5"",""6""]",,,,,,,,,,FALSE,
FORM-2026-0011,39,,MULTIPLE_CHOICE,36. Eu me sinto desesperado.,,TRUE,"[""1"",""2"",""3"",""4"",""5"",""6""]",,,,,,,,,,FALSE,
FORM-2026-0011,40,,MULTIPLE_CHOICE,37. Eu permito que outras pessoas me critiquem ou me coloquem para baixo.,,TRUE,"[""1"",""2"",""3"",""4"",""5"",""6""]",,,,,,,,,,FALSE,
FORM-2026-0011,41,,MULTIPLE_CHOICE,"38. Nas relações, eu deixo a outra pessoa tomar as decisões.",,TRUE,"[""1"",""2"",""3"",""4"",""5"",""6""]",,,,,,,,,,FALSE,
FORM-2026-0011,42,,MULTIPLE_CHOICE,39. Eu me sinto distante das outras pessoas.,,TRUE,"[""1"",""2"",""3"",""4"",""5"",""6""]",,,,,,,,,,FALSE,
FORM-2026-0011,43,,MULTIPLE_CHOICE,"40. Eu não penso antes de falar, isso me traz problemas ou machuca as outras pessoas.",,TRUE,"[""1"",""2"",""3"",""4"",""5"",""6""]",,,,,,,,,,FALSE,
FORM-2026-0011,44,,MULTIPLE_CHOICE,41. Eu trabalho ou pratico exercícios físicos intensamente para que não precise pensar sobre as coisas que me incomodam.,,TRUE,"[""1"",""2"",""3"",""4"",""5"",""6""]",,,,,,,,,,FALSE,
FORM-2026-0011,45,,MULTIPLE_CHOICE,42. Eu estou bravo porque as pessoas estão tentando tirar a minha liberdade ou independência.,,TRUE,"[""1"",""2"",""3"",""4"",""5"",""6""]",,,,,,,,,,FALSE,
FORM-2026-0011,46,,MULTIPLE_CHOICE,43. Eu não sinto nada.,,TRUE,"[""1"",""2"",""3"",""4"",""5"",""6""]",,,,,,,,,,FALSE,
FORM-2026-0011,47,,MULTIPLE_CHOICE,"44. Eu faço o que eu quero fazer, independentemente dos sentimentos e necessidades dos outros.",,TRUE,"[""1"",""2"",""3"",""4"",""5"",""6""]",,,,,,,,,,FALSE,
FORM-2026-0011,48,,MULTIPLE_CHOICE,45. Eu não me permito relaxar ou me divertir até que tenha terminado tudo o que eu deveria fazer.,,TRUE,"[""1"",""2"",""3"",""4"",""5"",""6""]",,,,,,,,,,FALSE,
FORM-2026-0011,49,,MULTIPLE_CHOICE,"46. Eu jogo coisas (longe, no chão, na parede, etc.) quando estou com raiva.",,TRUE,"[""1"",""2"",""3"",""4"",""5"",""6""]",,,,,,,,,,FALSE,
FORM-2026-0011,50,,MULTIPLE_CHOICE,47. Eu sinto raiva das outras pessoas.,,TRUE,"[""1"",""2"",""3"",""4"",""5"",""6""]",,,,,,,,,,FALSE,
FORM-2026-0011,51,,MULTIPLE_CHOICE,48. Eu me sinto aceito pelas outras pessoas.,,TRUE,"[""1"",""2"",""3"",""4"",""5"",""6""]",,,,,,,,,,FALSE,
FORM-2026-0011,52,,MULTIPLE_CHOICE,49. Eu tenho tanta raiva acumulada dentro de mim que preciso extravasá-la.,,TRUE,"[""1"",""2"",""3"",""4"",""5"",""6""]",,,,,,,,,,FALSE,
FORM-2026-0011,53,,MULTIPLE_CHOICE,50. Eu me sinto só.,,TRUE,"[""1"",""2"",""3"",""4"",""5"",""6""]",,,,,,,,,,FALSE,
FORM-2026-0011,54,,MULTIPLE_CHOICE,51. Eu tento dar o meu melhor em tudo.,,TRUE,"[""1"",""2"",""3"",""4"",""5"",""6""]",,,,,,,,,,FALSE,
FORM-2026-0011,55,,MULTIPLE_CHOICE,"52. Eu gosto de fazer coisas animadas ou relaxantes para evitar meus sentimentos (p. ex., trabalhar, apostar, comer, fazer compras, atividade sexual, assistir TV).",,TRUE,"[""1"",""2"",""3"",""4"",""5"",""6""]",,,,,,,,,,FALSE,
FORM-2026-0011,56,,MULTIPLE_CHOICE,"53. Igualdade não existe, então é melhor ser superior aos outros.",,TRUE,"[""1"",""2"",""3"",""4"",""5"",""6""]",,,,,,,,,,FALSE,
FORM-2026-0011,57,,MULTIPLE_CHOICE,"54. Quando fico bravo, eu frequentemente perco o controle e ameaço as pessoas.",,TRUE,"[""1"",""2"",""3"",""4"",""5"",""6""]",,,,,,,,,,FALSE,
FORM-2026-0011,58,,MULTIPLE_CHOICE,"55. Em vez de expressar as minhas próprias necessidades, eu deixo que as pessoas façam as coisas do jeito que preferem.",,TRUE,"[""1"",""2"",""3"",""4"",""5"",""6""]",,,,,,,,,,FALSE,
FORM-2026-0011,59,,MULTIPLE_CHOICE,"56. Se uma pessoa não concorda comigo, ela está contra mim.",,TRUE,"[""1"",""2"",""3"",""4"",""5"",""6""]",,,,,,,,,,FALSE,
FORM-2026-0011,60,,MULTIPLE_CHOICE,"57. Eu me esforço para estar sempre ocupado; assim, meus pensamentos e sentimentos incômodos me perturbam menos.",,TRUE,"[""1"",""2"",""3"",""4"",""5"",""6""]",,,,,,,,,,FALSE,
FORM-2026-0011,61,,MULTIPLE_CHOICE,"58. Quando eu sinto raiva dos outros, me considero uma pessoa má.",,TRUE,"[""1"",""2"",""3"",""4"",""5"",""6""]",,,,,,,,,,FALSE,
FORM-2026-0011,62,,MULTIPLE_CHOICE,59. Eu não quero me envolver com as pessoas.,,TRUE,"[""1"",""2"",""3"",""4"",""5"",""6""]",,,,,,,,,,FALSE,
FORM-2026-0011,63,,MULTIPLE_CHOICE,60. Eu sinto tanta raiva que já cheguei a machucar ou matar alguém.,,TRUE,"[""1"",""2"",""3"",""4"",""5"",""6""]",,,,,,,,,,FALSE,
FORM-2026-0011,64,,MULTIPLE_CHOICE,61. Eu sinto que tenho bastante estabilidade e segurança na minha vida.,,TRUE,"[""1"",""2"",""3"",""4"",""5"",""6""]",,,,,,,,,,FALSE,
FORM-2026-0011,65,,MULTIPLE_CHOICE,62. Eu sei quando expressar as minhas emoções e quando não as expressar.,,TRUE,"[""1"",""2"",""3"",""4"",""5"",""6""]",,,,,,,,,,FALSE,
FORM-2026-0011,66,,MULTIPLE_CHOICE,63. Eu sinto raiva de uma pessoa por ela ter me deixado só ou me abandonado.,,TRUE,"[""1"",""2"",""3"",""4"",""5"",""6""]",,,,,,,,,,FALSE,
FORM-2026-0011,67,,MULTIPLE_CHOICE,64. Eu não me sinto conectado às outras pessoas.,,TRUE,"[""1"",""2"",""3"",""4"",""5"",""6""]",,,,,,,,,,FALSE,
FORM-2026-0011,68,,MULTIPLE_CHOICE,"65. Eu não consigo me disciplinar para fazer coisas que acho desagradáveis, mesmo que eu saiba que são para o meu próprio bem.",,TRUE,"[""1"",""2"",""3"",""4"",""5"",""6""]",,,,,,,,,,FALSE,
FORM-2026-0011,69,,MULTIPLE_CHOICE,66. Eu desrespeito as regras e depois me arrependo.,,TRUE,"[""1"",""2"",""3"",""4"",""5"",""6""]",,,,,,,,,,FALSE,
FORM-2026-0011,70,,MULTIPLE_CHOICE,67. Eu me sinto humilhado.,,TRUE,"[""1"",""2"",""3"",""4"",""5"",""6""]",,,,,,,,,,FALSE,
FORM-2026-0011,71,,MULTIPLE_CHOICE,68. Eu confio na maioria das pessoas.,,TRUE,"[""1"",""2"",""3"",""4"",""5"",""6""]",,,,,,,,,,FALSE,
FORM-2026-0011,72,,MULTIPLE_CHOICE,"69. Primeiro eu ajo, depois eu penso.",,TRUE,"[""1"",""2"",""3"",""4"",""5"",""6""]",,,,,,,,,,FALSE,
FORM-2026-0011,73,,MULTIPLE_CHOICE,70. Eu me entedio facilmente e perco o interesse nas coisas.,,TRUE,"[""1"",""2"",""3"",""4"",""5"",""6""]",,,,,,,,,,FALSE,
FORM-2026-0011,74,,MULTIPLE_CHOICE,"71. Mesmo com pessoas à minha volta, eu me sinto sozinho.",,TRUE,"[""1"",""2"",""3"",""4"",""5"",""6""]",,,,,,,,,,FALSE,
FORM-2026-0011,75,,MULTIPLE_CHOICE,"72. Eu não me permito fazer coisas agradáveis que as outras pessoas fazem, pois sou uma pessoa má.",,TRUE,"[""1"",""2"",""3"",""4"",""5"",""6""]",,,,,,,,,,FALSE,
FORM-2026-0011,76,,MULTIPLE_CHOICE,"73. Eu expresso ou comunico o que necessito sem passar dos limites (p. ex., sem exigir demais dos outros).",,TRUE,"[""1"",""2"",""3"",""4"",""5"",""6""]",,,,,,,,,,FALSE,
FORM-2026-0011,77,,MULTIPLE_CHOICE,74. Eu me sinto especial e melhor do que a maioria das outras pessoas.,,TRUE,"[""1"",""2"",""3"",""4"",""5"",""6""]",,,,,,,,,,FALSE,
FORM-2026-0011,78,,MULTIPLE_CHOICE,75. Eu não me importo com nada; nada faz diferença para mim.,,TRUE,"[""1"",""2"",""3"",""4"",""5"",""6""]",,,,,,,,,,FALSE,
FORM-2026-0011,79,,MULTIPLE_CHOICE,76. Eu fico bravo quando alguém me diz como devo me sentir ou me comportar.,,TRUE,"[""1"",""2"",""3"",""4"",""5"",""6""]",,,,,,,,,,FALSE,
FORM-2026-0011,80,,MULTIPLE_CHOICE,"77. Se você não dominar os outros, eles dominarão você.",,TRUE,"[""1"",""2"",""3"",""4"",""5"",""6""]",,,,,,,,,,FALSE,
FORM-2026-0011,81,,MULTIPLE_CHOICE,"78. Eu digo o que sinto, ou ajo impulsivamente, sem pensar nas consequências.",,TRUE,"[""1"",""2"",""3"",""4"",""5"",""6""]",,,,,,,,,,FALSE,
FORM-2026-0011,82,,MULTIPLE_CHOICE,79. Eu sinto vontade de gritar/brigar com as pessoas pelo jeito como elas me tratam.,,TRUE,"[""1"",""2"",""3"",""4"",""5"",""6""]",,,,,,,,,,FALSE,
FORM-2026-0011,83,,MULTIPLE_CHOICE,80. Eu sou capaz de cuidar de mim mesmo.,,TRUE,"[""1"",""2"",""3"",""4"",""5"",""6""]",,,,,,,,,,FALSE,
FORM-2026-0011,84,,MULTIPLE_CHOICE,81. Eu sou bastante crítico em relação aos outros.,,TRUE,"[""1"",""2"",""3"",""4"",""5"",""6""]",,,,,,,,,,FALSE,
FORM-2026-0011,85,,MULTIPLE_CHOICE,82. Eu estou sob pressão constante para atingir objetivos e dar conta das coisas.,,TRUE,"[""1"",""2"",""3"",""4"",""5"",""6""]",,,,,,,,,,FALSE,
FORM-2026-0011,86,,MULTIPLE_CHOICE,"83. Eu estou tentando não cometer erros; caso contrário, irei me criticar fortemente.",,TRUE,"[""1"",""2"",""3"",""4"",""5"",""6""]",,,,,,,,,,FALSE,
FORM-2026-0011,87,,MULTIPLE_CHOICE,84. Eu mereço ser punido.,,TRUE,"[""1"",""2"",""3"",""4"",""5"",""6""]",,,,,,,,,,FALSE,
FORM-2026-0011,88,,MULTIPLE_CHOICE,"85. Eu posso aprender, crescer e mudar.",,TRUE,"[""1"",""2"",""3"",""4"",""5"",""6""]",,,,,,,,,,FALSE,
FORM-2026-0011,89,,MULTIPLE_CHOICE,86. Eu quero me distrair dos pensamentos e sentimentos que possam me deixar chateado.,,TRUE,"[""1"",""2"",""3"",""4"",""5"",""6""]",,,,,,,,,,FALSE,
FORM-2026-0011,90,,MULTIPLE_CHOICE,87. Eu estou com raiva de mim mesmo.,,TRUE,"[""1"",""2"",""3"",""4"",""5"",""6""]",,,,,,,,,,FALSE,
FORM-2026-0011,91,,MULTIPLE_CHOICE,88. Eu me sinto indiferente e apático.,,TRUE,"[""1"",""2"",""3"",""4"",""5"",""6""]",,,,,,,,,,FALSE,
FORM-2026-0011,92,,MULTIPLE_CHOICE,89. Eu preciso ser o melhor em tudo que faço.,,TRUE,"[""1"",""2"",""3"",""4"",""5"",""6""]",,,,,,,,,,FALSE,
FORM-2026-0011,93,,MULTIPLE_CHOICE,"90. Eu sacrifico prazer, saúde e felicidade para satisfazer meus próprios padrões de exigência.",,TRUE,"[""1"",""2"",""3"",""4"",""5"",""6""]",,,,,,,,,,FALSE,
FORM-2026-0011,94,,MULTIPLE_CHOICE,91. Eu exijo bastante das outras pessoas.,,TRUE,"[""1"",""2"",""3"",""4"",""5"",""6""]",,,,,,,,,,FALSE,
FORM-2026-0011,95,,MULTIPLE_CHOICE,"92. Se eu fico com raiva, às vezes fico tão fora do controle que agrido fisicamente ou prejudico outras pessoas.",,TRUE,"[""1"",""2"",""3"",""4"",""5"",""6""]",,,,,,,,,,FALSE,
FORM-2026-0011,96,,MULTIPLE_CHOICE,93. Eu sou inabalável.,,TRUE,"[""1"",""2"",""3"",""4"",""5"",""6""]",,,,,,,,,,FALSE,
FORM-2026-0011,97,,MULTIPLE_CHOICE,94. Eu sou uma pessoa má.,,TRUE,"[""1"",""2"",""3"",""4"",""5"",""6""]",,,,,,,,,,FALSE,
FORM-2026-0011,98,,MULTIPLE_CHOICE,95. Eu me sinto seguro.,,TRUE,"[""1"",""2"",""3"",""4"",""5"",""6""]",,,,,,,,,,FALSE,
FORM-2026-0011,99,,MULTIPLE_CHOICE,"96. Eu me sinto ouvido, compreendido, acolhido e aceito.",,TRUE,"[""1"",""2"",""3"",""4"",""5"",""6""]",,,,,,,,,,FALSE,
FORM-2026-0011,100,,MULTIPLE_CHOICE,"97. Para mim, é impossível controlar meus impulsos.",,TRUE,"[""1"",""2"",""3"",""4"",""5"",""6""]",,,,,,,,,,FALSE,
FORM-2026-0011,101,,MULTIPLE_CHOICE,98. Eu destruo coisas quando estou com raiva.,,TRUE,"[""1"",""2"",""3"",""4"",""5"",""6""]",,,,,,,,,,FALSE,
FORM-2026-0011,102,,MULTIPLE_CHOICE,"99. Se você dominar as outras pessoas, nada poderá acontecer com você.",,TRUE,"[""1"",""2"",""3"",""4"",""5"",""6""]",,,,,,,,,,FALSE,
FORM-2026-0011,103,,MULTIPLE_CHOICE,100. Eu ajo de forma passiva mesmo quando não gosto do jeito que as coisas estão.,,TRUE,"[""1"",""2"",""3"",""4"",""5"",""6""]",,,,,,,,,,FALSE,
FORM-2026-0011,104,,MULTIPLE_CHOICE,101. A minha raiva sai do controle.,,TRUE,"[""1"",""2"",""3"",""4"",""5"",""6""]",,,,,,,,,,FALSE,
FORM-2026-0011,105,,MULTIPLE_CHOICE,102. Eu zombo ou intimido outras pessoas.,,TRUE,"[""1"",""2"",""3"",""4"",""5"",""6""]",,,,,,,,,,FALSE,
FORM-2026-0011,106,,MULTIPLE_CHOICE,103. Eu sinto vontade de agredir verbal ou fisicamente alguém pelo que essa pessoa fez para mim.,,TRUE,"[""1"",""2"",""3"",""4"",""5"",""6""]",,,,,,,,,,FALSE,
FORM-2026-0011,107,,MULTIPLE_CHOICE,"104. Eu sei que há uma forma “certa” e uma “errada” de fazer as coisas. Eu me esforço para fazer as coisas do jeito certo; caso contrário, eu começo a me criticar.",,TRUE,"[""1"",""2"",""3"",""4"",""5"",""6""]",,,,,,,,,,FALSE,
FORM-2026-0011,108,,MULTIPLE_CHOICE,105. Eu frequentemente me sinto sozinho no mundo.,,TRUE,"[""1"",""2"",""3"",""4"",""5"",""6""]",,,,,,,,,,FALSE,
FORM-2026-0011,109,,MULTIPLE_CHOICE,106. Eu me sinto fraco e sem saída.,,TRUE,"[""1"",""2"",""3"",""4"",""5"",""6""]",,,,,,,,,,FALSE,
FORM-2026-0011,110,,MULTIPLE_CHOICE,107. Eu sou preguiçoso.,,TRUE,"[""1"",""2"",""3"",""4"",""5"",""6""]",,,,,,,,,,FALSE,
FORM-2026-0011,111,,MULTIPLE_CHOICE,108. Eu posso suportar qualquer coisa que venha das pessoas que são importantes para mim.,,TRUE,"[""1"",""2"",""3"",""4"",""5"",""6""]",,,,,,,,,,FALSE,
FORM-2026-0011,112,,MULTIPLE_CHOICE,109. Eu fui traído ou tratado de forma injusta.,,TRUE,"[""1"",""2"",""3"",""4"",""5"",""6""]",,,,,,,,,,FALSE,
FORM-2026-0011,113,,MULTIPLE_CHOICE,"110. Se eu sinto o impulso de fazer alguma coisa, vou e faço.",,TRUE,"[""1"",""2"",""3"",""4"",""5"",""6""]",,,,,,,,,,FALSE,
FORM-2026-0011,114,,MULTIPLE_CHOICE,111. Eu me sinto deixado de lado ou excluído.,,TRUE,"[""1"",""2"",""3"",""4"",""5"",""6""]",,,,,,,,,,FALSE,
FORM-2026-0011,115,,MULTIPLE_CHOICE,112. Eu diminuo ou menosprezo os outros.,,TRUE,"[""1"",""2"",""3"",""4"",""5"",""6""]",,,,,,,,,,FALSE,
FORM-2026-0011,116,,MULTIPLE_CHOICE,113. Eu me sinto otimista.,,TRUE,"[""1"",""2"",""3"",""4"",""5"",""6""]",,,,,,,,,,FALSE,
FORM-2026-0011,117,,MULTIPLE_CHOICE,114. Eu sinto que não deveria ter que seguir as mesmas regras que as outras pessoas seguem.,,TRUE,"[""1"",""2"",""3"",""4"",""5"",""6""]",,,,,,,,,,FALSE,
FORM-2026-0011,118,,MULTIPLE_CHOICE,"115. Neste momento, minha vida se resume a iniciar e concluir tarefas do jeito certo.",,TRUE,"[""1"",""2"",""3"",""4"",""5"",""6""]",,,,,,,,,,FALSE,
FORM-2026-0011,119,,MULTIPLE_CHOICE,116. Eu me cobro para ser mais responsável do que a maioria das outras pessoas.,,TRUE,"[""1"",""2"",""3"",""4"",""5"",""6""]",,,,,,,,,,FALSE,
FORM-2026-0011,120,,MULTIPLE_CHOICE,"117. Eu consigo me defender de forma adequada quando me sinto criticado injustamente, maltratado ou quando sentiram vantagem de mim.",,TRUE,"[""1"",""2"",""3"",""4"",""5"",""6""]",,,,,,,,,,FALSE,
FORM-2026-0011,121,,MULTIPLE_CHOICE,"118. Eu não mereço pena, ou que os outros sejam compreensivos comigo quando algo de ruim me acontece.",,TRUE,"[""1"",""2"",""3"",""4"",""5"",""6""]",,,,,,,,,,FALSE,
FORM-2026-0011,122,,MULTIPLE_CHOICE,119. Eu sinto que ninguém me ama.,,TRUE,"[""1"",""2"",""3"",""4"",""5"",""6""]",,,,,,,,,,FALSE,
FORM-2026-0011,123,,MULTIPLE_CHOICE,120. Eu sinto que sou uma pessoa fundamentalmente boa.,,TRUE,"[""1"",""2"",""3"",""4"",""5"",""6""]",,,,,,,,,,FALSE,
FORM-2026-0011,124,,MULTIPLE_CHOICE,"121. Quando necessário, eu concluo tarefas chatas e rotineiras para que eu conquiste aquilo que eu valorizo.",,TRUE,"[""1"",""2"",""3"",""4"",""5"",""6""]",,,,,,,,,,FALSE,
FORM-2026-0011,125,,MULTIPLE_CHOICE,122. Eu me sinto espontâneo e divertido.,,TRUE,"[""1"",""2"",""3"",""4"",""5"",""6""]",,,,,,,,,,FALSE,
FORM-2026-0011,126,,MULTIPLE_CHOICE,123. Às vezes eu fico com tanta raiva que sinto que seria capaz de matar alguém.,,TRUE,"[""1"",""2"",""3"",""4"",""5"",""6""]",,,,,,,,,,FALSE,
FORM-2026-0011,127,,MULTIPLE_CHOICE,124. Eu tenho uma boa noção de quem sou e do que preciso para me deixar feliz.,,TRUE,"[""1"",""2"",""3"",""4"",""5"",""6""]",,,,,,,,,,FALSE,
FORM-2026-0012,1,,TEXT,Nome completo,Identificação para vínculo clínico.,TRUE,,,,,,,,,,,,FALSE,
FORM-2026-0012,2,,DATE,Data de nascimento,,TRUE,,,,,,,,,,,,FALSE,
FORM-2026-0012,3,,DATE,Data de aplicação do rastreio,,TRUE,,,,,,,,,,,,FALSE,
FORM-2026-0012,4,,DROPDOWN,1. Eu sinto que as pessoas ao meu redor estão presentes quando eu mais preciso.,,TRUE,"[""Selecione..."",""Nunca"",""Raramente"",""Ocasionalmente"",""Frequentemente"",""Sempre""]",,,,,,,,,,FALSE,
FORM-2026-0012,5,,DROPDOWN,"2. Muitas vezes tenho medo de que algo ruim aconteça, mesmo sem razão aparente.",,TRUE,"[""Selecione..."",""Nunca"",""Raramente"",""Ocasionalmente"",""Frequentemente"",""Sempre""]",,,,,,,,,,FALSE,
FORM-2026-0012,6,,DROPDOWN,3. Meu ambiente de vida me proporciona segurança e estabilidade.,,TRUE,"[""Selecione..."",""Nunca"",""Raramente"",""Ocasionalmente"",""Frequentemente"",""Sempre""]",,,,,,,,,,FALSE,
FORM-2026-0012,7,,DROPDOWN,4. Frequentemente sinto que estou em risco ou vulnerável.,,TRUE,"[""Selecione..."",""Nunca"",""Raramente"",""Ocasionalmente"",""Frequentemente"",""Sempre""]",,,,,,,,,,FALSE,
FORM-2026-0012,8,,DROPDOWN,5. Sinto que sou valorizado e amado pelas pessoas mais próximas.,,TRUE,"[""Selecione..."",""Nunca"",""Raramente"",""Ocasionalmente"",""Frequentemente"",""Sempre""]",,,,,,,,,,FALSE,
FORM-2026-0012,9,,DROPDOWN,6. Tenho dificuldade em me conectar emocionalmente com as pessoas.,,TRUE,"[""Selecione..."",""Nunca"",""Raramente"",""Ocasionalmente"",""Frequentemente"",""Sempre""]",,,,,,,,,,FALSE,
FORM-2026-0012,10,,DROPDOWN,7. As pessoas com quem me importo demonstram que gostam de mim.,,TRUE,"[""Selecione..."",""Nunca"",""Raramente"",""Ocasionalmente"",""Frequentemente"",""Sempre""]",,,,,,,,,,FALSE,
FORM-2026-0012,11,,DROPDOWN,8. Frequentemente me sinto emocionalmente distante ou isolado dos outros.,,TRUE,"[""Selecione..."",""Nunca"",""Raramente"",""Ocasionalmente"",""Frequentemente"",""Sempre""]",,,,,,,,,,FALSE,
FORM-2026-0012,12,,DROPDOWN,9. Minhas realizações são frequentemente reconhecidas por quem me rodeia.,,TRUE,"[""Selecione..."",""Nunca"",""Raramente"",""Ocasionalmente"",""Frequentemente"",""Sempre""]",,,,,,,,,,FALSE,
FORM-2026-0012,13,,DROPDOWN,10. Preciso da aprovação constante de outros para me sentir bem.,,TRUE,"[""Selecione..."",""Nunca"",""Raramente"",""Ocasionalmente"",""Frequentemente"",""Sempre""]",,,,,,,,,,FALSE,
FORM-2026-0012,14,,DROPDOWN,11. Sinto que sou valorizado pelos meus esforços e realizações.,,TRUE,"[""Selecione..."",""Nunca"",""Raramente"",""Ocasionalmente"",""Frequentemente"",""Sempre""]",,,,,,,,,,FALSE,
FORM-2026-0012,15,,DROPDOWN,"12. Mesmo quando faço algo importante, sinto que os outros não percebem.",,TRUE,"[""Selecione..."",""Nunca"",""Raramente"",""Ocasionalmente"",""Frequentemente"",""Sempre""]",,,,,,,,,,FALSE,
FORM-2026-0012,16,,DROPDOWN,13. Sinto que tenho controle sobre as decisões importantes da minha vida.,,TRUE,"[""Selecione..."",""Nunca"",""Raramente"",""Ocasionalmente"",""Frequentemente"",""Sempre""]",,,,,,,,,,FALSE,
FORM-2026-0012,17,,DROPDOWN,14. Muitas vezes sinto que dependo dos outros para tomar decisões importantes.,,TRUE,"[""Selecione..."",""Nunca"",""Raramente"",""Ocasionalmente"",""Frequentemente"",""Sempre""]",,,,,,,,,,FALSE,
FORM-2026-0012,18,,DROPDOWN,15. Tenho autonomia para escolher meu próprio caminho.,,TRUE,"[""Selecione..."",""Nunca"",""Raramente"",""Ocasionalmente"",""Frequentemente"",""Sempre""]",,,,,,,,,,FALSE,
FORM-2026-0012,19,,DROPDOWN,"16. Costumo seguir as decisões dos outros, mesmo quando discordo.",,TRUE,"[""Selecione..."",""Nunca"",""Raramente"",""Ocasionalmente"",""Frequentemente"",""Sempre""]",,,,,,,,,,FALSE,
FORM-2026-0012,20,,DROPDOWN,17. Eu tenho um propósito claro que me guia.,,TRUE,"[""Selecione..."",""Nunca"",""Raramente"",""Ocasionalmente"",""Frequentemente"",""Sempre""]",,,,,,,,,,FALSE,
FORM-2026-0012,21,,DROPDOWN,18. Às vezes sinto que minha vida não tem direção ou propósito.,,TRUE,"[""Selecione..."",""Nunca"",""Raramente"",""Ocasionalmente"",""Frequentemente"",""Sempre""]",,,,,,,,,,FALSE,
FORM-2026-0012,22,,DROPDOWN,19. Minhas ações diárias têm um sentido e valor para mim.,,TRUE,"[""Selecione..."",""Nunca"",""Raramente"",""Ocasionalmente"",""Frequentemente"",""Sempre""]",,,,,,,,,,FALSE,
FORM-2026-0012,23,,DROPDOWN,20. Frequentemente me pergunto se estou realmente seguindo o caminho certo na vida.,,TRUE,"[""Selecione..."",""Nunca"",""Raramente"",""Ocasionalmente"",""Frequentemente"",""Sempre""]",,,,,,,,,,FALSE,
FORM-2026-0012,24,,DROPDOWN,21. Tenho pessoas em quem confio para compartilhar meus problemas.,,TRUE,"[""Selecione..."",""Nunca"",""Raramente"",""Ocasionalmente"",""Frequentemente"",""Sempre""]",,,,,,,,,,FALSE,
FORM-2026-0012,25,,DROPDOWN,"22. Quando estou angustiado, sinto que não tenho ninguém para falar.",,TRUE,"[""Selecione..."",""Nunca"",""Raramente"",""Ocasionalmente"",""Frequentemente"",""Sempre""]",,,,,,,,,,FALSE,
FORM-2026-0012,26,,DROPDOWN,23. Minhas opiniões e sentimentos são ouvidos e compreendidos pelos outros.,,TRUE,"[""Selecione..."",""Nunca"",""Raramente"",""Ocasionalmente"",""Frequentemente"",""Sempre""]",,,,,,,,,,FALSE,
FORM-2026-0012,27,,DROPDOWN,24. Muitas vezes sinto que não sou compreendido pelos outros.,,TRUE,"[""Selecione..."",""Nunca"",""Raramente"",""Ocasionalmente"",""Frequentemente"",""Sempre""]",,,,,,,,,,FALSE,
FORM-2026-0012,28,,DROPDOWN,25. Posso expressar minhas opiniões e sentimentos sem medo.,,TRUE,"[""Selecione..."",""Nunca"",""Raramente"",""Ocasionalmente"",""Frequentemente"",""Sempre""]",,,,,,,,,,FALSE,
FORM-2026-0012,29,,DROPDOWN,26. Costumo me segurar para não expressar minhas verdadeiras opiniões.,,TRUE,"[""Selecione..."",""Nunca"",""Raramente"",""Ocasionalmente"",""Frequentemente"",""Sempre""]",,,,,,,,,,FALSE,
FORM-2026-0012,30,,DROPDOWN,27. Sinto-me à vontade para ser quem eu sou em qualquer ambiente.,,TRUE,"[""Selecione..."",""Nunca"",""Raramente"",""Ocasionalmente"",""Frequentemente"",""Sempre""]",,,,,,,,,,FALSE,
FORM-2026-0012,31,,DROPDOWN,28. Tenho receio de me abrir e falar o que penso.,,TRUE,"[""Selecione..."",""Nunca"",""Raramente"",""Ocasionalmente"",""Frequentemente"",""Sempre""]",,,,,,,,,,FALSE,
FORM-2026-0012,32,,DROPDOWN,29. Tenho acesso a experiências novas e desafiadoras regularmente.,,TRUE,"[""Selecione..."",""Nunca"",""Raramente"",""Ocasionalmente"",""Frequentemente"",""Sempre""]",,,,,,,,,,FALSE,
FORM-2026-0012,33,,DROPDOWN,30. Às vezes me sinto entediado com a rotina da minha vida.,,TRUE,"[""Selecione..."",""Nunca"",""Raramente"",""Ocasionalmente"",""Frequentemente"",""Sempre""]",,,,,,,,,,FALSE,
FORM-2026-0012,34,,DROPDOWN,31. Eu busco ativamente novos aprendizados e experiências.,,TRUE,"[""Selecione..."",""Nunca"",""Raramente"",""Ocasionalmente"",""Frequentemente"",""Sempre""]",,,,,,,,,,FALSE,
FORM-2026-0012,35,,DROPDOWN,"32. Costumo evitar mudanças, mesmo quando elas podem ser positivas.",,TRUE,"[""Selecione..."",""Nunca"",""Raramente"",""Ocasionalmente"",""Frequentemente"",""Sempre""]",,,,,,,,,,FALSE,
FORM-2026-0012,36,,DROPDOWN,33. Tenho oportunidades frequentes de crescimento pessoal e profissional.,,TRUE,"[""Selecione..."",""Nunca"",""Raramente"",""Ocasionalmente"",""Frequentemente"",""Sempre""]",,,,,,,,,,FALSE,
FORM-2026-0012,37,,DROPDOWN,34. Muitas vezes sinto que minha vida está estagnada.,,TRUE,"[""Selecione..."",""Nunca"",""Raramente"",""Ocasionalmente"",""Frequentemente"",""Sempre""]",,,,,,,,,,FALSE,
FORM-2026-0012,38,,DROPDOWN,35. Estou sempre buscando melhorar minhas habilidades e conhecimentos.,,TRUE,"[""Selecione..."",""Nunca"",""Raramente"",""Ocasionalmente"",""Frequentemente"",""Sempre""]",,,,,,,,,,FALSE,
FORM-2026-0012,39,,DROPDOWN,36. Tenho dificuldade em progredir em minha vida ou carreira.,,TRUE,"[""Selecione..."",""Nunca"",""Raramente"",""Ocasionalmente"",""Frequentemente"",""Sempre""]",,,,,,,,,,FALSE,
FORM-2026-0013,1,,TEXT,Nome completo,Identificação para vínculo clínico.,TRUE,,,,,,,,,,,,FALSE,
FORM-2026-0013,2,,DATE,Data de nascimento,,TRUE,,,,,,,,,,,,FALSE,
FORM-2026-0013,3,,DATE,Data de aplicação do rastreio,,TRUE,,,,,,,,,,,,FALSE,
FORM-2026-0013,4,,DROPDOWN,1. Eu sinto que preciso da aprovação dos outros para me sentir bem comigo mesmo.,,TRUE,"[""Discordo Totalmente"",""Discordo"",""Neutro"",""Concordo"",""Concordo Totalmente""]",,,,,,,,,,FALSE,
FORM-2026-0013,5,,DROPDOWN,2. Eu me sinto ansioso(a) quando estou sozinho(a).,,TRUE,"[""Discordo Totalmente"",""Discordo"",""Neutro"",""Concordo"",""Concordo Totalmente""]",,,,,,,,,,FALSE,
FORM-2026-0013,6,,DROPDOWN,3. Eu evito tomar decisões importantes sem consultar alguém em quem confio.,,TRUE,"[""Discordo Totalmente"",""Discordo"",""Neutro"",""Concordo"",""Concordo Totalmente""]",,,,,,,,,,FALSE,
FORM-2026-0013,7,,DROPDOWN,4. Eu me preocupo excessivamente em agradar os outros.,,TRUE,"[""Discordo Totalmente"",""Discordo"",""Neutro"",""Concordo"",""Concordo Totalmente""]",,,,,,,,,,FALSE,
FORM-2026-0013,8,,DROPDOWN,5. Eu sinto que não consigo viver sem meu parceiro(a).,,TRUE,"[""Discordo Totalmente"",""Discordo"",""Neutro"",""Concordo"",""Concordo Totalmente""]",,,,,,,,,,FALSE,
FORM-2026-0013,9,,DROPDOWN,6. Eu mudo meus planos frequentemente para acomodar os desejos dos outros.,,TRUE,"[""Discordo Totalmente"",""Discordo"",""Neutro"",""Concordo"",""Concordo Totalmente""]",,,,,,,,,,FALSE,
FORM-2026-0013,10,,DROPDOWN,7. Eu me sinto inseguro(a) quando estou longe das pessoas que amo.,,TRUE,"[""Discordo Totalmente"",""Discordo"",""Neutro"",""Concordo"",""Concordo Totalmente""]",,,,,,,,,,FALSE,
FORM-2026-0013,11,,DROPDOWN,8. Eu frequentemente busco reafirmação de que sou amado(a).,,TRUE,"[""Discordo Totalmente"",""Discordo"",""Neutro"",""Concordo"",""Concordo Totalmente""]",,,,,,,,,,FALSE,
FORM-2026-0013,12,,DROPDOWN,9. Eu me sinto incapaz de ser feliz sem estar em um relacionamento.,,TRUE,"[""Discordo Totalmente"",""Discordo"",""Neutro"",""Concordo"",""Concordo Totalmente""]",,,,,,,,,,FALSE,
FORM-2026-0013,13,,DROPDOWN,10. Eu tenho medo constante de ser rejeitado(a) ou abandonado(a).,,TRUE,"[""Discordo Totalmente"",""Discordo"",""Neutro"",""Concordo"",""Concordo Totalmente""]",,,,,,,,,,FALSE,
FORM-2026-0013,14,,DROPDOWN,11. Eu fico preocupado(a) se alguém que amo não responde rapidamente às minhas mensagens.,,TRUE,"[""Discordo Totalmente"",""Discordo"",""Neutro"",""Concordo"",""Concordo Totalmente""]",,,,,,,,,,FALSE,
FORM-2026-0013,15,,DROPDOWN,12. Eu me sinto vulnerável sem o apoio de alguém próximo.,,TRUE,"[""Discordo Totalmente"",""Discordo"",""Neutro"",""Concordo"",""Concordo Totalmente""]",,,,,,,,,,FALSE,
FORM-2026-0013,16,,DROPDOWN,13. Eu evito atividades sociais se meu parceiro(a) não pode ir.,,TRUE,"[""Discordo Totalmente"",""Discordo"",""Neutro"",""Concordo"",""Concordo Totalmente""]",,,,,,,,,,FALSE,
FORM-2026-0013,17,,DROPDOWN,14. Eu me sinto perdido(a) sem orientação de pessoas importantes para mim.,,TRUE,"[""Discordo Totalmente"",""Discordo"",""Neutro"",""Concordo"",""Concordo Totalmente""]",,,,,,,,,,FALSE,
FORM-2026-0013,18,,DROPDOWN,15. Eu preciso de reafirmação constante para me sentir seguro(a) sobre minhas decisões.,,TRUE,"[""Discordo Totalmente"",""Discordo"",""Neutro"",""Concordo"",""Concordo Totalmente""]",,,,,,,,,,FALSE,
FORM-2026-0013,19,,DROPDOWN,16. Eu me sinto incompleto(a) quando não estou em um relacionamento amoroso.,,TRUE,"[""Discordo Totalmente"",""Discordo"",""Neutro"",""Concordo"",""Concordo Totalmente""]",,,,,,,,,,FALSE,
FORM-2026-0013,20,,DROPDOWN,17. Eu mudo meus gostos e preferências para agradar aos outros.,,TRUE,"[""Discordo Totalmente"",""Discordo"",""Neutro"",""Concordo"",""Concordo Totalmente""]",,,,,,,,,,FALSE,
FORM-2026-0013,21,,DROPDOWN,18. Eu faço de tudo para evitar ser rejeitado(a).,,TRUE,"[""Discordo Totalmente"",""Discordo"",""Neutro"",""Concordo"",""Concordo Totalmente""]",,,,,,,,,,FALSE,
FORM-2026-0013,22,,DROPDOWN,19. Eu me preocupo demais com o que os outros pensam de mim.,,TRUE,"[""Discordo Totalmente"",""Discordo"",""Neutro"",""Concordo"",""Concordo Totalmente""]",,,,,,,,,,FALSE,
FORM-2026-0013,23,,DROPDOWN,20. Eu dependo emocionalmente das opiniões das pessoas próximas a mim.,,TRUE,"[""Discordo Totalmente"",""Discordo"",""Neutro"",""Concordo"",""Concordo Totalmente""]",,,,,,,,,,FALSE,
FORM-2026-0013,24,,DROPDOWN,"21. Eu sinto que preciso cuidar dos problemas dos outros, mesmo que isso me prejudique.",,TRUE,"[""Discordo Totalmente"",""Discordo"",""Neutro"",""Concordo"",""Concordo Totalmente""]",,,,,,,,,,FALSE,
FORM-2026-0013,25,,DROPDOWN,"22. Eu tenho dificuldade em dizer ""não"" quando alguém pede minha ajuda.",,TRUE,"[""Discordo Totalmente"",""Discordo"",""Neutro"",""Concordo"",""Concordo Totalmente""]",,,,,,,,,,FALSE,
FORM-2026-0013,26,,DROPDOWN,23. Eu coloco as necessidades dos outros antes das minhas.,,TRUE,"[""Discordo Totalmente"",""Discordo"",""Neutro"",""Concordo"",""Concordo Totalmente""]",,,,,,,,,,FALSE,
FORM-2026-0013,27,,DROPDOWN,24. Eu sinto que sou responsável pela felicidade dos outros.,,TRUE,"[""Discordo Totalmente"",""Discordo"",""Neutro"",""Concordo"",""Concordo Totalmente""]",,,,,,,,,,FALSE,
FORM-2026-0013,28,,DROPDOWN,"25. Eu frequentemente me envolvo em relacionamentos com pessoas que têm problemas sérios (por exemplo, abuso de substâncias).",,TRUE,"[""Discordo Totalmente"",""Discordo"",""Neutro"",""Concordo"",""Concordo Totalmente""]",,,,,,,,,,FALSE,
FORM-2026-0013,29,,DROPDOWN,26. Eu me sinto ansioso(a) se não estou no controle das situações.,,TRUE,"[""Discordo Totalmente"",""Discordo"",""Neutro"",""Concordo"",""Concordo Totalmente""]",,,,,,,,,,FALSE,
FORM-2026-0013,30,,DROPDOWN,27. Eu evito conflitos ao assumir responsabilidades que não são minhas.,,TRUE,"[""Discordo Totalmente"",""Discordo"",""Neutro"",""Concordo"",""Concordo Totalmente""]",,,,,,,,,,FALSE,
FORM-2026-0013,31,,DROPDOWN,28. Eu negligencio minhas próprias necessidades em favor dos outros.,,TRUE,"[""Discordo Totalmente"",""Discordo"",""Neutro"",""Concordo"",""Concordo Totalmente""]",,,,,,,,,,FALSE,
FORM-2026-0013,32,,DROPDOWN,29. Eu sinto que minha identidade está fortemente ligada ao meu papel de cuidador(a).,,TRUE,"[""Discordo Totalmente"",""Discordo"",""Neutro"",""Concordo"",""Concordo Totalmente""]",,,,,,,,,,FALSE,
FORM-2026-0013,33,,DROPDOWN,30. Eu tenho dificuldade em estabelecer limites claros com os outros.,,TRUE,"[""Discordo Totalmente"",""Discordo"",""Neutro"",""Concordo"",""Concordo Totalmente""]",,,,,,,,,,FALSE,
FORM-2026-0013,34,,DROPDOWN,31. Eu sinto culpa quando priorizo minhas próprias necessidades.,,TRUE,"[""Discordo Totalmente"",""Discordo"",""Neutro"",""Concordo"",""Concordo Totalmente""]",,,,,,,,,,FALSE,
FORM-2026-0013,35,,DROPDOWN,32. Eu me sinto responsável pelos sentimentos das pessoas ao meu redor.,,TRUE,"[""Discordo Totalmente"",""Discordo"",""Neutro"",""Concordo"",""Concordo Totalmente""]",,,,,,,,,,FALSE,
FORM-2026-0013,36,,DROPDOWN,33. Eu evito pedir ajuda mesmo quando preciso.,,TRUE,"[""Discordo Totalmente"",""Discordo"",""Neutro"",""Concordo"",""Concordo Totalmente""]",,,,,,,,,,FALSE,
FORM-2026-0013,37,,DROPDOWN,34. Eu me preocupo constantemente com os problemas dos outros.,,TRUE,"[""Discordo Totalmente"",""Discordo"",""Neutro"",""Concordo"",""Concordo Totalmente""]",,,,,,,,,,FALSE,
FORM-2026-0013,38,,DROPDOWN,35. Eu assumo a responsabilidade por resolver os problemas dos outros.,,TRUE,"[""Discordo Totalmente"",""Discordo"",""Neutro"",""Concordo"",""Concordo Totalmente""]",,,,,,,,,,FALSE,
FORM-2026-0013,39,,DROPDOWN,36. Eu sinto que preciso estar sempre disponível para os outros.,,TRUE,"[""Discordo Totalmente"",""Discordo"",""Neutro"",""Concordo"",""Concordo Totalmente""]",,,,,,,,,,FALSE,
FORM-2026-0013,40,,DROPDOWN,37. Eu tenho medo de que os outros se sintam abandonados se eu não estiver presente.,,TRUE,"[""Discordo Totalmente"",""Discordo"",""Neutro"",""Concordo"",""Concordo Totalmente""]",,,,,,,,,,FALSE,
FORM-2026-0013,41,,DROPDOWN,38. Eu evito expressar meus próprios sentimentos para não sobrecarregar os outros.,,TRUE,"[""Discordo Totalmente"",""Discordo"",""Neutro"",""Concordo"",""Concordo Totalmente""]",,,,,,,,,,FALSE,
FORM-2026-0013,42,,DROPDOWN,"39. Eu me sinto obrigado(a) a ajudar os outros, mesmo quando estou sobrecarregado(a).",,TRUE,"[""Discordo Totalmente"",""Discordo"",""Neutro"",""Concordo"",""Concordo Totalmente""]",,,,,,,,,,FALSE,
FORM-2026-0013,43,,DROPDOWN,40. Eu me preocupo mais com os problemas dos outros do que com os meus próprios.,,TRUE,"[""Discordo Totalmente"",""Discordo"",""Neutro"",""Concordo"",""Concordo Totalmente""]",,,,,,,,,,FALSE,
FORM-2026-0014,1,,TEXT,Nome completo,Identificação para vínculo clínico.,TRUE,,,,,,,,,,,,FALSE,
FORM-2026-0014,2,,DATE,Data de nascimento,,TRUE,,,,,,,,,,,,FALSE,
FORM-2026-0014,3,,DATE,Data de aplicação do rastreio,,TRUE,,,,,,,,,,,,FALSE,
FORM-2026-0014,4,,MULTIPLE_CHOICE,0,,FALSE,"[""0"",""1"",""2"",""3"",""4""]",,,,,,,,,,FALSE,
FORM-2026-0014,5,,MULTIPLE_CHOICE,0,,FALSE,"[""0"",""1"",""2"",""3"",""4""]",,,,,,,,,,FALSE,
FORM-2026-0014,6,,MULTIPLE_CHOICE,0,,FALSE,"[""0"",""1"",""2"",""3"",""4""]",,,,,,,,,,FALSE,
FORM-2026-0014,7,,MULTIPLE_CHOICE,0,,FALSE,"[""0"",""1"",""2"",""3"",""4""]",,,,,,,,,,FALSE,
FORM-2026-0014,8,,MULTIPLE_CHOICE,0,,FALSE,"[""0"",""1"",""2"",""3"",""4""]",,,,,,,,,,FALSE,
FORM-2026-0014,9,,MULTIPLE_CHOICE,0,,FALSE,"[""0"",""1"",""2"",""3"",""4""]",,,,,,,,,,FALSE,
FORM-2026-0014,10,,MULTIPLE_CHOICE,0,,FALSE,"[""0"",""1"",""2"",""3"",""4""]",,,,,,,,,,FALSE,
FORM-2026-0014,11,,MULTIPLE_CHOICE,0,,FALSE,"[""0"",""1"",""2"",""3"",""4""]",,,,,,,,,,FALSE,
FORM-2026-0014,12,,MULTIPLE_CHOICE,0,,FALSE,"[""0"",""1"",""2"",""3"",""4""]",,,,,,,,,,FALSE,
FORM-2026-0014,13,,MULTIPLE_CHOICE,0,,FALSE,"[""0"",""1"",""2"",""3"",""4""]",,,,,,,,,,FALSE,
FORM-2026-0014,14,,MULTIPLE_CHOICE,0,,FALSE,"[""0"",""1"",""2"",""3"",""4""]",,,,,,,,,,FALSE,
FORM-2026-0014,15,,MULTIPLE_CHOICE,0,,FALSE,"[""0"",""1"",""2"",""3"",""4""]",,,,,,,,,,FALSE,
FORM-2026-0014,16,,MULTIPLE_CHOICE,0,,FALSE,"[""0"",""1"",""2"",""3"",""4""]",,,,,,,,,,FALSE,
FORM-2026-0014,17,,MULTIPLE_CHOICE,0,,FALSE,"[""0"",""1"",""2"",""3"",""4""]",,,,,,,,,,FALSE,
FORM-2026-0014,18,,MULTIPLE_CHOICE,0,,FALSE,"[""0"",""1"",""2"",""3"",""4""]",,,,,,,,,,FALSE,
FORM-2026-0014,19,,MULTIPLE_CHOICE,0,,FALSE,"[""0"",""1"",""2"",""3"",""4""]",,,,,,,,,,FALSE,
FORM-2026-0014,20,,MULTIPLE_CHOICE,0,,FALSE,"[""0"",""1"",""2"",""3"",""4""]",,,,,,,,,,FALSE,
FORM-2026-0014,21,,MULTIPLE_CHOICE,0,,FALSE,"[""0"",""1"",""2"",""3"",""4""]",,,,,,,,,,FALSE,
